Time,Driver,DriverNumber,LapTime,LapNumber,Stint,PitOutTime,PitInTime,Sector1Time,Sector2Time,Sector3Time,Sector1SessionTime,Sector2SessionTime,Sector3SessionTime,SpeedI1,SpeedI2,SpeedFL,SpeedST,IsPersonalBest,Compound,TyreLife,FreshTyre,Team,LapStartTime,LapStartDate,TrackStatus,Position,Deleted,DeletedReason,FastF1Generated,IsAccurate
0 days 01:25:15.943000,VER,1,86.163,2.0,1.0,,,28.274,29.543,28.346,0 days 01:24:18.057000,0 days 01:24:47.600000,0 days 01:25:15.946000,309.0,309.0,307.0,305.0,True,MEDIUM,2.0,True,Red Bull Racing,0 days 01:23:49.780000,2023-09-03 13:24:50.825,1,2.0,False,,False,True
0 days 01:26:41.645000,VER,1,85.702,3.0,1.0,,,28.097,29.32,28.285,0 days 01:25:44.043000,0 days 01:26:13.363000,0 days 01:26:41.648000,310.0,320.0,308.0,309.0,True,MEDIUM,3.0,True,Red Bull Racing,0 days 01:25:15.943000,2023-09-03 13:26:16.988,1,2.0,False,,False,True
0 days 01:28:07.695000,VER,1,86.05,4.0,1.0,,,28.145,29.474,28.431,0 days 01:27:09.793000,0 days 01:27:39.267000,0 days 01:28:07.698000,311.0,320.0,309.0,318.0,False,MEDIUM,4.0,True,Red Bull Racing,0 days 01:26:41.645000,2023-09-03 13:27:42.690,1,2.0,False,,False,True
0 days 01:29:33.871000,VER,1,86.176,5.0,1.0,,,28.155,29.514,28.507,0 days 01:28:35.853000,0 days 01:29:05.367000,0 days 01:29:33.874000,311.0,321.0,310.0,317.0,False,MEDIUM,5.0,True,Red Bull Racing,0 days 01:28:07.695000,2023-09-03 13:29:08.740,1,2.0,False,,False,True
0 days 01:31:00.708000,VER,1,86.837,6.0,1.0,,,28.7,29.662,28.475,0 days 01:30:02.574000,0 days 01:30:32.236000,0 days 01:31:00.711000,310.0,319.0,309.0,347.0,False,MEDIUM,6.0,True,Red Bull Racing,0 days 01:29:33.871000,2023-09-03 13:30:34.916,1,2.0,False,,False,True
0 days 01:32:27.076000,VER,1,86.368,7.0,1.0,,,28.166,29.751,28.451,0 days 01:31:28.877000,0 days 01:31:58.628000,0 days 01:32:27.079000,309.0,318.0,309.0,320.0,False,MEDIUM,7.0,True,Red Bull Racing,0 days 01:31:00.708000,2023-09-03 13:32:01.753,1,2.0,False,,False,True
0 days 01:33:53.066000,VER,1,85.99,8.0,1.0,,,28.075,29.432,28.483,0 days 01:32:55.154000,0 days 01:33:24.586000,0 days 01:33:53.069000,312.0,322.0,310.0,321.0,False,MEDIUM,8.0,True,Red Bull Racing,0 days 01:32:27.076000,2023-09-03 13:33:28.121,1,2.0,False,,False,True
0 days 01:35:19.671000,VER,1,86.605,9.0,1.0,,,28.149,29.927,28.529,0 days 01:34:21.218000,0 days 01:34:51.145000,0 days 01:35:19.674000,312.0,319.0,309.0,344.0,False,MEDIUM,9.0,True,Red Bull Racing,0 days 01:33:53.066000,2023-09-03 13:34:54.111,1,2.0,False,,False,True
0 days 01:36:46.274000,VER,1,86.603,10.0,1.0,,,28.315,29.78,28.508,0 days 01:35:47.989000,0 days 01:36:17.769000,0 days 01:36:46.277000,312.0,319.0,309.0,322.0,False,MEDIUM,10.0,True,Red Bull Racing,0 days 01:35:19.671000,2023-09-03 13:36:20.716,1,2.0,False,,False,True
0 days 01:38:12.917000,VER,1,86.643,11.0,1.0,,,28.233,29.893,28.517,0 days 01:37:14.510000,0 days 01:37:44.403000,0 days 01:38:12.920000,311.0,322.0,308.0,319.0,False,MEDIUM,11.0,True,Red Bull Racing,0 days 01:36:46.274000,2023-09-03 13:37:47.319,1,2.0,False,,False,True
0 days 01:39:39.359000,VER,1,86.442,12.0,1.0,,,28.179,29.813,28.45,0 days 01:38:41.099000,0 days 01:39:10.912000,0 days 01:39:39.362000,311.0,319.0,310.0,322.0,False,MEDIUM,12.0,True,Red Bull Racing,0 days 01:38:12.917000,2023-09-03 13:39:13.962,1,2.0,False,,False,True
0 days 01:41:06.025000,VER,1,86.666,13.0,1.0,,,28.254,29.907,28.505,0 days 01:40:07.616000,0 days 01:40:37.523000,0 days 01:41:06.028000,313.0,322.0,309.0,322.0,False,MEDIUM,13.0,True,Red Bull Racing,0 days 01:39:39.359000,2023-09-03 13:40:40.404,1,2.0,False,,False,True
0 days 01:42:33.053000,VER,1,87.028,14.0,1.0,,,28.223,30.28,28.525,0 days 01:41:34.251000,0 days 01:42:04.531000,0 days 01:42:33.056000,314.0,320.0,310.0,343.0,False,MEDIUM,14.0,True,Red Bull Racing,0 days 01:41:06.025000,2023-09-03 13:42:07.070,1,2.0,False,,False,True
0 days 01:43:59.835000,VER,1,86.782,15.0,1.0,,,28.137,30.444,28.201,0 days 01:43:01.193000,0 days 01:43:31.637000,0 days 01:43:59.838000,320.0,306.0,306.0,345.0,False,MEDIUM,15.0,True,Red Bull Racing,0 days 01:42:33.053000,2023-09-03 13:43:34.098,1,1.0,False,,False,True
0 days 01:45:26.553000,VER,1,86.718,16.0,1.0,,,28.45,29.91,28.358,0 days 01:44:28.288000,0 days 01:44:58.198000,0 days 01:45:26.556000,307.0,306.0,307.0,308.0,False,MEDIUM,16.0,True,Red Bull Racing,0 days 01:43:59.835000,2023-09-03 13:45:00.880,1,1.0,False,,False,True
0 days 01:46:53.286000,VER,1,86.733,17.0,1.0,,,28.348,29.889,28.496,0 days 01:45:54.904000,0 days 01:46:24.793000,0 days 01:46:53.289000,309.0,307.0,307.0,310.0,False,MEDIUM,17.0,True,Red Bull Racing,0 days 01:45:26.553000,2023-09-03 13:46:27.598,1,1.0,False,,False,True
0 days 01:48:19.559000,VER,1,86.273,18.0,1.0,,,28.247,29.668,28.358,0 days 01:47:21.536000,0 days 01:47:51.204000,0 days 01:48:19.562000,311.0,308.0,307.0,311.0,False,MEDIUM,18.0,True,Red Bull Racing,0 days 01:46:53.286000,2023-09-03 13:47:54.331,1,1.0,False,,False,True
0 days 01:49:45.997000,VER,1,86.438,19.0,1.0,,,28.368,29.832,28.238,0 days 01:48:47.930000,0 days 01:49:17.762000,0 days 01:49:46,311.0,311.0,307.0,310.0,False,MEDIUM,19.0,True,Red Bull Racing,0 days 01:48:19.559000,2023-09-03 13:49:20.604,1,1.0,False,,False,True
0 days 01:54:28.391000,VER,1,85.885,22.0,2.0,,,28.01,29.546,28.329,0 days 01:53:30.519000,0 days 01:54:00.065000,0 days 01:54:28.394000,313.0,315.0,308.0,322.0,False,HARD,2.0,True,Red Bull Racing,0 days 01:53:02.506000,2023-09-03 13:54:03.551,1,3.0,False,,False,True
0 days 01:55:54.550000,VER,1,86.159,23.0,2.0,,,28.131,29.638,28.39,0 days 01:54:56.525000,0 days 01:55:26.163000,0 days 01:55:54.553000,313.0,310.0,309.0,314.0,False,HARD,3.0,True,Red Bull Racing,0 days 01:54:28.391000,2023-09-03 13:55:29.436,1,2.0,False,,False,True
0 days 01:57:20.877000,VER,1,86.327,24.0,2.0,,,28.187,29.358,28.782,0 days 01:56:22.740000,0 days 01:56:52.098000,0 days 01:57:20.880000,314.0,318.0,316.0,312.0,False,HARD,4.0,True,Red Bull Racing,0 days 01:55:54.550000,2023-09-03 13:56:55.595,1,2.0,False,,False,True
0 days 01:58:46.791000,VER,1,85.914,25.0,2.0,,,28.052,29.542,28.32,0 days 01:57:48.932000,0 days 01:58:18.474000,0 days 01:58:46.794000,307.0,308.0,307.0,340.0,False,HARD,5.0,True,Red Bull Racing,0 days 01:57:20.877000,2023-09-03 13:58:21.922,1,1.0,False,,False,True
0 days 02:00:12.577000,VER,1,85.786,26.0,2.0,,,28.257,29.382,28.147,0 days 01:59:15.051000,0 days 01:59:44.433000,0 days 02:00:12.580000,308.0,309.0,307.0,311.0,False,HARD,6.0,True,Red Bull Racing,0 days 01:58:46.791000,2023-09-03 13:59:47.836,1,1.0,False,,False,True
0 days 02:01:38.078000,VER,1,85.501,27.0,2.0,,,28.117,29.266,28.118,0 days 02:00:40.697000,0 days 02:01:09.963000,0 days 02:01:38.081000,311.0,314.0,307.0,314.0,True,HARD,7.0,True,Red Bull Racing,0 days 02:00:12.577000,2023-09-03 14:01:13.622,1,1.0,False,,False,True
0 days 02:03:03.512000,VER,1,85.434,28.0,2.0,,,28.158,29.202,28.074,0 days 02:02:06.239000,0 days 02:02:35.441000,0 days 02:03:03.515000,311.0,312.0,307.0,314.0,True,HARD,8.0,True,Red Bull Racing,0 days 02:01:38.078000,2023-09-03 14:02:39.123,1,1.0,False,,False,True
0 days 02:04:28.983000,VER,1,85.471,29.0,2.0,,,28.149,29.369,27.953,0 days 02:03:31.664000,0 days 02:04:01.033000,0 days 02:04:28.986000,313.0,312.0,307.0,316.0,False,HARD,9.0,True,Red Bull Racing,0 days 02:03:03.512000,2023-09-03 14:04:04.557,1,1.0,False,,False,True
0 days 02:05:54.381000,VER,1,85.398,30.0,2.0,,,28.15,29.213,28.035,0 days 02:04:57.136000,0 days 02:05:26.349000,0 days 02:05:54.384000,313.0,312.0,307.0,313.0,True,HARD,10.0,True,Red Bull Racing,0 days 02:04:28.983000,2023-09-03 14:05:30.028,1,1.0,False,,False,True
0 days 02:07:19.883000,VER,1,85.502,31.0,2.0,,,28.161,29.37,27.971,0 days 02:06:22.545000,0 days 02:06:51.915000,0 days 02:07:19.886000,312.0,312.0,308.0,312.0,False,HARD,11.0,True,Red Bull Racing,0 days 02:05:54.381000,2023-09-03 14:06:55.426,1,1.0,False,,False,True
0 days 02:08:45.293000,VER,1,85.41,32.0,2.0,,,28.151,29.284,27.975,0 days 02:07:48.037000,0 days 02:08:17.321000,0 days 02:08:45.296000,311.0,312.0,308.0,312.0,False,HARD,12.0,True,Red Bull Racing,0 days 02:07:19.883000,2023-09-03 14:08:20.928,1,1.0,False,,False,True
0 days 02:10:10.533000,VER,1,85.24,33.0,2.0,,,28.057,29.201,27.982,0 days 02:09:13.353000,0 days 02:09:42.554000,0 days 02:10:10.536000,312.0,311.0,310.0,311.0,True,HARD,13.0,True,Red Bull Racing,0 days 02:08:45.293000,2023-09-03 14:09:46.338,1,1.0,False,,False,True
0 days 02:11:36.216000,VER,1,85.683,34.0,2.0,,,28.111,29.501,28.071,0 days 02:10:38.647000,0 days 02:11:08.148000,0 days 02:11:36.219000,311.0,313.0,310.0,313.0,False,HARD,14.0,True,Red Bull Racing,0 days 02:10:10.533000,2023-09-03 14:11:11.578,1,1.0,False,,False,True
0 days 02:13:02.031000,VER,1,85.815,35.0,2.0,,,28.179,29.472,28.164,0 days 02:12:04.398000,0 days 02:12:33.870000,0 days 02:13:02.034000,311.0,312.0,309.0,309.0,False,HARD,15.0,True,Red Bull Racing,0 days 02:11:36.216000,2023-09-03 14:12:37.261,1,1.0,False,,False,True
0 days 02:14:27.629000,VER,1,85.598,36.0,2.0,,,28.04,29.439,28.119,0 days 02:13:30.074000,0 days 02:13:59.513000,0 days 02:14:27.632000,311.0,312.0,308.0,311.0,False,HARD,16.0,True,Red Bull Racing,0 days 02:13:02.031000,2023-09-03 14:14:03.076,1,1.0,False,,False,True
0 days 02:15:53.312000,VER,1,85.683,37.0,2.0,,,28.074,29.485,28.124,0 days 02:14:55.706000,0 days 02:15:25.191000,0 days 02:15:53.315000,313.0,313.0,309.0,315.0,False,HARD,17.0,True,Red Bull Racing,0 days 02:14:27.629000,2023-09-03 14:15:28.674,1,1.0,False,,False,True
0 days 02:17:18.897000,VER,1,85.585,38.0,2.0,,,28.067,29.469,28.049,0 days 02:16:21.382000,0 days 02:16:50.851000,0 days 02:17:18.900000,314.0,315.0,310.0,312.0,False,HARD,18.0,True,Red Bull Racing,0 days 02:15:53.312000,2023-09-03 14:16:54.357,1,1.0,False,,False,True
0 days 02:18:44.383000,VER,1,85.486,39.0,2.0,,,28.053,29.353,28.08,0 days 02:17:46.953000,0 days 02:18:16.306000,0 days 02:18:44.386000,315.0,315.0,311.0,314.0,False,HARD,19.0,True,Red Bull Racing,0 days 02:17:18.897000,2023-09-03 14:18:19.942,1,1.0,False,,False,True
0 days 02:20:10.284000,VER,1,85.901,40.0,2.0,,,28.185,29.481,28.235,0 days 02:19:12.571000,0 days 02:19:42.052000,0 days 02:20:10.287000,315.0,315.0,310.0,309.0,False,HARD,20.0,True,Red Bull Racing,0 days 02:18:44.383000,2023-09-03 14:19:45.428,1,1.0,False,,False,True
0 days 02:21:36.063000,VER,1,85.779,41.0,2.0,,,28.079,29.543,28.157,0 days 02:20:38.366000,0 days 02:21:07.909000,0 days 02:21:36.066000,313.0,313.0,310.0,312.0,False,HARD,21.0,True,Red Bull Racing,0 days 02:20:10.284000,2023-09-03 14:21:11.329,1,1.0,False,,False,True
0 days 02:23:01.975000,VER,1,85.912,42.0,2.0,,,28.057,29.562,28.293,0 days 02:22:04.123000,0 days 02:22:33.685000,0 days 02:23:01.978000,314.0,316.0,309.0,313.0,False,HARD,22.0,True,Red Bull Racing,0 days 02:21:36.063000,2023-09-03 14:22:37.108,1,1.0,False,,False,True
0 days 02:24:27.969000,VER,1,85.994,43.0,2.0,,,28.178,29.666,28.15,0 days 02:23:30.156000,0 days 02:23:59.822000,0 days 02:24:27.972000,315.0,316.0,311.0,309.0,False,HARD,23.0,True,Red Bull Racing,0 days 02:23:01.975000,2023-09-03 14:24:03.020,1,1.0,False,,False,True
0 days 02:25:53.720000,VER,1,85.751,44.0,2.0,,,28.03,29.503,28.218,0 days 02:24:56.002000,0 days 02:25:25.505000,0 days 02:25:53.723000,316.0,318.0,310.0,311.0,False,HARD,24.0,True,Red Bull Racing,0 days 02:24:27.969000,2023-09-03 14:25:29.014,1,1.0,False,,False,True
0 days 02:27:19.636000,VER,1,85.916,45.0,2.0,,,28.045,29.693,28.178,0 days 02:26:21.768000,0 days 02:26:51.461000,0 days 02:27:19.639000,317.0,316.0,311.0,305.0,False,HARD,25.0,True,Red Bull Racing,0 days 02:25:53.720000,2023-09-03 14:26:54.765,1,1.0,False,,False,True
0 days 02:28:45.821000,VER,1,86.185,46.0,2.0,,,28.067,29.921,28.197,0 days 02:27:47.706000,0 days 02:28:17.627000,0 days 02:28:45.824000,316.0,317.0,312.0,308.0,False,HARD,26.0,True,Red Bull Racing,0 days 02:27:19.636000,2023-09-03 14:28:20.681,1,1.0,False,,False,True
0 days 02:30:11.958000,VER,1,86.137,47.0,2.0,,,28.058,29.565,28.514,0 days 02:29:13.882000,0 days 02:29:43.447000,0 days 02:30:11.961000,316.0,316.0,312.0,306.0,False,HARD,27.0,True,Red Bull Racing,0 days 02:28:45.821000,2023-09-03 14:29:46.866,1,1.0,False,,False,True
0 days 02:31:39.193000,VER,1,87.235,48.0,2.0,,,28.459,30.06,28.716,0 days 02:30:40.420000,0 days 02:31:10.480000,0 days 02:31:39.196000,305.0,312.0,310.0,294.0,False,HARD,28.0,True,Red Bull Racing,0 days 02:30:11.958000,2023-09-03 14:31:13.003,1,1.0,False,,False,True
0 days 02:33:07.100000,VER,1,87.907,49.0,2.0,,,28.567,30.249,29.091,0 days 02:32:07.763000,0 days 02:32:38.012000,0 days 02:33:07.103000,291.0,306.0,310.0,290.0,False,HARD,29.0,True,Red Bull Racing,0 days 02:31:39.193000,2023-09-03 14:32:40.238,1,1.0,False,,False,True
0 days 02:34:35.493000,VER,1,88.393,50.0,2.0,,,28.738,30.474,29.181,0 days 02:33:35.841000,0 days 02:34:06.315000,0 days 02:34:35.496000,300.0,304.0,310.0,283.0,False,HARD,30.0,True,Red Bull Racing,0 days 02:33:07.100000,2023-09-03 14:34:08.145,1,1.0,False,,False,True
0 days 02:36:03.018000,VER,1,87.525,51.0,2.0,,,28.415,30.353,28.757,0 days 02:35:03.911000,0 days 02:35:34.264000,0 days 02:36:03.021000,298.0,309.0,311.0,293.0,False,HARD,31.0,True,Red Bull Racing,0 days 02:34:35.493000,2023-09-03 14:35:36.538,1,1.0,False,,False,True
0 days 01:25:26.545000,GAS,10,88.696,2.0,1.0,,,28.782,30.575,29.339,0 days 01:24:26.641000,0 days 01:24:57.216000,0 days 01:25:26.555000,310.0,309.0,306.0,320.0,True,MEDIUM,2.0,True,Alpine,0 days 01:23:57.849000,2023-09-03 13:24:58.894,1,17.0,False,,False,True
0 days 01:26:54.461000,GAS,10,87.916,3.0,1.0,,,28.714,30.06,29.142,0 days 01:25:55.269000,0 days 01:26:25.329000,0 days 01:26:54.471000,310.0,326.0,305.0,320.0,True,MEDIUM,3.0,True,Alpine,0 days 01:25:26.545000,2023-09-03 13:26:27.590,1,17.0,False,,False,True
0 days 01:28:21.933000,GAS,10,87.472,4.0,1.0,,,28.432,30.029,29.011,0 days 01:27:22.903000,0 days 01:27:52.932000,0 days 01:28:21.943000,310.0,326.0,308.0,325.0,True,MEDIUM,4.0,True,Alpine,0 days 01:26:54.461000,2023-09-03 13:27:55.506,1,17.0,False,,False,True
0 days 01:29:49.627000,GAS,10,87.694,5.0,1.0,,,28.291,30.155,29.248,0 days 01:28:50.234000,0 days 01:29:20.389000,0 days 01:29:49.637000,308.0,327.0,305.0,347.0,False,MEDIUM,5.0,True,Alpine,0 days 01:28:21.933000,2023-09-03 13:29:22.978,1,17.0,False,,False,True
0 days 01:31:16.951000,GAS,10,87.324,6.0,1.0,,,28.241,30.047,29.036,0 days 01:30:17.878000,0 days 01:30:47.925000,0 days 01:31:16.961000,308.0,324.0,305.0,331.0,True,MEDIUM,6.0,True,Alpine,0 days 01:29:49.627000,2023-09-03 13:30:50.672,1,17.0,False,,False,True
0 days 01:32:44.161000,GAS,10,87.21,7.0,1.0,,,28.18,29.932,29.098,0 days 01:31:45.141000,0 days 01:32:15.073000,0 days 01:32:44.171000,307.0,325.0,305.0,328.0,True,MEDIUM,7.0,True,Alpine,0 days 01:31:16.951000,2023-09-03 13:32:17.996,1,17.0,False,,False,True
0 days 01:34:11.401000,GAS,10,87.24,8.0,1.0,,,28.0,30.157,29.083,0 days 01:33:12.171000,0 days 01:33:42.328000,0 days 01:34:11.411000,310.0,322.0,305.0,334.0,False,MEDIUM,8.0,True,Alpine,0 days 01:32:44.161000,2023-09-03 13:33:45.206,1,17.0,False,,False,True
0 days 01:35:38.767000,GAS,10,87.366,9.0,1.0,,,28.124,29.976,29.266,0 days 01:34:39.535000,0 days 01:35:09.511000,0 days 01:35:38.777000,309.0,325.0,305.0,330.0,False,MEDIUM,9.0,True,Alpine,0 days 01:34:11.401000,2023-09-03 13:35:12.446,1,17.0,False,,False,True
0 days 01:40:28.402000,GAS,10,87.431,12.0,2.0,,,28.524,29.851,29.056,0 days 01:39:29.505000,0 days 01:39:59.356000,0 days 01:40:28.412000,301.0,299.0,302.0,306.0,False,HARD,5.0,False,Alpine,0 days 01:39:00.971000,2023-09-03 13:40:02.016,1,19.0,False,,False,True
0 days 01:41:55.770000,GAS,10,87.368,13.0,2.0,,,28.44,29.892,29.036,0 days 01:40:56.852000,0 days 01:41:26.744000,0 days 01:41:55.780000,303.0,301.0,302.0,309.0,False,HARD,6.0,False,Alpine,0 days 01:40:28.402000,2023-09-03 13:41:29.447,1,18.0,False,,False,True
0 days 01:43:23.118000,GAS,10,87.348,14.0,2.0,,,28.394,30.051,28.903,0 days 01:42:24.174000,0 days 01:42:54.225000,0 days 01:43:23.128000,306.0,304.0,302.0,310.0,False,HARD,7.0,False,Alpine,0 days 01:41:55.770000,2023-09-03 13:42:56.815,1,18.0,False,,False,True
0 days 01:44:50.481000,GAS,10,87.363,15.0,2.0,,,28.462,30.093,28.808,0 days 01:43:51.590000,0 days 01:44:21.683000,0 days 01:44:50.491000,308.0,309.0,306.0,311.0,False,HARD,8.0,False,Alpine,0 days 01:43:23.118000,2023-09-03 13:44:24.163,1,18.0,False,,False,True
0 days 01:46:17.569000,GAS,10,87.088,16.0,2.0,,,28.289,30.067,28.732,0 days 01:45:18.780000,0 days 01:45:48.847000,0 days 01:46:17.579000,308.0,305.0,306.0,313.0,True,HARD,9.0,False,Alpine,0 days 01:44:50.481000,2023-09-03 13:45:51.526,1,18.0,False,,False,True
0 days 01:47:44.645000,GAS,10,87.076,17.0,2.0,,,28.286,29.953,28.837,0 days 01:46:45.865000,0 days 01:47:15.818000,0 days 01:47:44.655000,307.0,306.0,306.0,314.0,True,HARD,10.0,False,Alpine,0 days 01:46:17.569000,2023-09-03 13:47:18.614,1,18.0,False,,False,True
0 days 01:49:11.698000,GAS,10,87.053,18.0,2.0,,,28.315,30.045,28.693,0 days 01:48:12.970000,0 days 01:48:43.015000,0 days 01:49:11.708000,306.0,305.0,305.0,314.0,True,HARD,11.0,False,Alpine,0 days 01:47:44.645000,2023-09-03 13:48:45.690,1,18.0,False,,False,True
0 days 01:50:38.834000,GAS,10,87.136,19.0,2.0,,,28.422,30.088,28.626,0 days 01:49:40.130000,0 days 01:50:10.218000,0 days 01:50:38.844000,305.0,306.0,306.0,314.0,False,HARD,12.0,False,Alpine,0 days 01:49:11.698000,2023-09-03 13:50:12.743,1,18.0,False,,False,True
0 days 01:52:05.869000,GAS,10,87.035,20.0,2.0,,,28.17,30.107,28.758,0 days 01:51:07.014000,0 days 01:51:37.121000,0 days 01:52:05.879000,308.0,318.0,306.0,326.0,True,HARD,13.0,False,Alpine,0 days 01:50:38.834000,2023-09-03 13:51:39.879,1,18.0,False,,False,True
0 days 01:53:33.575000,GAS,10,87.706,21.0,2.0,,,28.31,30.354,29.042,0 days 01:52:34.189000,0 days 01:53:04.543000,0 days 01:53:33.585000,306.0,306.0,305.0,324.0,False,HARD,14.0,False,Alpine,0 days 01:52:05.869000,2023-09-03 13:53:06.914,1,17.0,False,,False,True
0 days 01:55:00.794000,GAS,10,87.219,22.0,2.0,,,28.315,30.023,28.881,0 days 01:54:01.900000,0 days 01:54:31.923000,0 days 01:55:00.804000,306.0,307.0,305.0,312.0,False,HARD,15.0,False,Alpine,0 days 01:53:33.575000,2023-09-03 13:54:34.620,1,17.0,False,,False,True
0 days 01:56:28.248000,GAS,10,87.454,23.0,2.0,,,28.367,30.178,28.909,0 days 01:55:29.171000,0 days 01:55:59.349000,0 days 01:56:28.258000,306.0,306.0,305.0,312.0,False,HARD,16.0,False,Alpine,0 days 01:55:00.794000,2023-09-03 13:56:01.839,1,17.0,False,,False,True
0 days 01:57:55.308000,GAS,10,87.06,24.0,2.0,,,28.144,30.16,28.756,0 days 01:56:56.402000,0 days 01:57:26.562000,0 days 01:57:55.318000,306.0,307.0,306.0,315.0,False,HARD,17.0,False,Alpine,0 days 01:56:28.248000,2023-09-03 13:57:29.293,1,17.0,False,,False,True
0 days 01:59:22.531000,GAS,10,87.223,25.0,2.0,,,28.176,30.119,28.928,0 days 01:58:23.494000,0 days 01:58:53.613000,0 days 01:59:22.541000,306.0,307.0,305.0,315.0,False,HARD,18.0,False,Alpine,0 days 01:57:55.308000,2023-09-03 13:58:56.353,1,16.0,False,,False,True
0 days 02:00:50.121000,GAS,10,87.59,26.0,2.0,,,28.496,30.15,28.944,0 days 01:59:51.037000,0 days 02:00:21.187000,0 days 02:00:50.131000,306.0,308.0,304.0,315.0,False,HARD,19.0,False,Alpine,0 days 01:59:22.531000,2023-09-03 14:00:23.576,1,15.0,False,,False,True
0 days 02:02:17.310000,GAS,10,87.189,27.0,2.0,,,28.305,30.124,28.76,0 days 02:01:18.436000,0 days 02:01:48.560000,0 days 02:02:17.320000,306.0,308.0,303.0,315.0,False,HARD,20.0,False,Alpine,0 days 02:00:50.121000,2023-09-03 14:01:51.166,1,15.0,False,,False,True
0 days 02:03:44.831000,GAS,10,87.521,28.0,2.0,,,28.314,30.209,28.998,0 days 02:02:45.634000,0 days 02:03:15.843000,0 days 02:03:44.841000,308.0,307.0,304.0,315.0,False,HARD,21.0,False,Alpine,0 days 02:02:17.310000,2023-09-03 14:03:18.355,1,15.0,False,,False,True
0 days 02:05:12.214000,GAS,10,87.383,29.0,2.0,,,28.372,30.15,28.861,0 days 02:04:13.213000,0 days 02:04:43.363000,0 days 02:05:12.224000,309.0,307.0,303.0,315.0,False,HARD,22.0,False,Alpine,0 days 02:03:44.831000,2023-09-03 14:04:45.876,1,15.0,False,,False,True
0 days 02:06:39.872000,GAS,10,87.658,30.0,2.0,,,28.399,30.299,28.96,0 days 02:05:40.623000,0 days 02:06:10.922000,0 days 02:06:39.882000,308.0,307.0,304.0,314.0,False,HARD,23.0,False,Alpine,0 days 02:05:12.214000,2023-09-03 14:06:13.259,1,15.0,False,,False,True
0 days 02:11:25.235000,GAS,10,86.439,33.0,3.0,,,28.265,29.682,28.492,0 days 02:10:27.071000,0 days 02:10:56.753000,0 days 02:11:25.245000,303.0,303.0,305.0,310.0,True,MEDIUM,2.0,True,Alpine,0 days 02:09:58.796000,2023-09-03 14:10:59.841,1,19.0,False,,False,True
0 days 02:12:52.112000,GAS,10,86.877,34.0,3.0,,,28.208,29.857,28.812,0 days 02:11:53.453000,0 days 02:12:23.310000,0 days 02:12:52.122000,305.0,306.0,305.0,309.0,False,MEDIUM,3.0,True,Alpine,0 days 02:11:25.235000,2023-09-03 14:12:26.280,1,18.0,False,,False,True
0 days 02:14:19.015000,GAS,10,86.903,35.0,3.0,,,28.318,29.75,28.835,0 days 02:13:20.440000,0 days 02:13:50.190000,0 days 02:14:19.025000,304.0,304.0,303.0,311.0,False,MEDIUM,4.0,True,Alpine,0 days 02:12:52.112000,2023-09-03 14:13:53.157,1,18.0,False,,False,True
0 days 02:15:45.812000,GAS,10,86.797,36.0,3.0,,,28.373,29.719,28.705,0 days 02:14:47.398000,0 days 02:15:17.117000,0 days 02:15:45.822000,305.0,306.0,305.0,313.0,False,MEDIUM,5.0,True,Alpine,0 days 02:14:19.015000,2023-09-03 14:15:20.060,1,18.0,False,,False,True
0 days 02:17:12.311000,GAS,10,86.499,37.0,3.0,,,28.27,29.768,28.461,0 days 02:16:14.092000,0 days 02:16:43.860000,0 days 02:17:12.321000,305.0,306.0,307.0,312.0,False,MEDIUM,6.0,True,Alpine,0 days 02:15:45.812000,2023-09-03 14:16:46.857,1,18.0,False,,False,True
0 days 02:18:38.668000,GAS,10,86.357,38.0,3.0,,,28.251,29.614,28.492,0 days 02:17:40.572000,0 days 02:18:10.186000,0 days 02:18:38.678000,307.0,307.0,306.0,314.0,True,MEDIUM,7.0,True,Alpine,0 days 02:17:12.311000,2023-09-03 14:18:13.356,1,18.0,False,,False,True
0 days 02:20:05.404000,GAS,10,86.736,39.0,3.0,,,28.411,29.667,28.658,0 days 02:19:07.089000,0 days 02:19:36.756000,0 days 02:20:05.414000,306.0,307.0,305.0,312.0,False,MEDIUM,8.0,True,Alpine,0 days 02:18:38.668000,2023-09-03 14:19:39.713,1,17.0,False,,False,True
0 days 02:21:31.952000,GAS,10,86.548,40.0,3.0,,,28.22,29.656,28.672,0 days 02:20:33.634000,0 days 02:21:03.290000,0 days 02:21:31.962000,306.0,306.0,305.0,313.0,False,MEDIUM,9.0,True,Alpine,0 days 02:20:05.404000,2023-09-03 14:21:06.449,1,16.0,False,,False,True
0 days 02:22:58.298000,GAS,10,86.346,41.0,3.0,,,28.298,29.528,28.52,0 days 02:22:00.260000,0 days 02:22:29.788000,0 days 02:22:58.308000,306.0,308.0,305.0,312.0,True,MEDIUM,10.0,True,Alpine,0 days 02:21:31.952000,2023-09-03 14:22:32.997,1,16.0,False,,False,True
0 days 02:24:24.723000,GAS,10,86.425,42.0,3.0,,,28.346,29.611,28.468,0 days 02:23:26.654000,0 days 02:23:56.265000,0 days 02:24:24.733000,308.0,308.0,305.0,313.0,False,MEDIUM,11.0,True,Alpine,0 days 02:22:58.298000,2023-09-03 14:23:59.343,1,16.0,False,,False,True
0 days 02:25:50.644000,GAS,10,85.921,43.0,3.0,,,28.119,29.491,28.311,0 days 02:24:52.852000,0 days 02:25:22.343000,0 days 02:25:50.654000,307.0,310.0,307.0,315.0,True,MEDIUM,12.0,True,Alpine,0 days 02:24:24.723000,2023-09-03 14:25:25.768,1,16.0,False,,False,True
0 days 02:27:16.402000,GAS,10,85.758,44.0,3.0,,,28.058,29.469,28.231,0 days 02:26:18.712000,0 days 02:26:48.181000,0 days 02:27:16.412000,310.0,310.0,307.0,316.0,True,MEDIUM,13.0,True,Alpine,0 days 02:25:50.644000,2023-09-03 14:26:51.689,1,16.0,False,,False,True
0 days 02:28:42.699000,GAS,10,86.297,45.0,3.0,,,28.079,29.77,28.448,0 days 02:27:44.491000,0 days 02:28:14.261000,0 days 02:28:42.709000,310.0,310.0,307.0,316.0,False,MEDIUM,14.0,True,Alpine,0 days 02:27:16.402000,2023-09-03 14:28:17.447,1,16.0,False,,False,True
0 days 02:30:08.991000,GAS,10,86.292,46.0,3.0,,,28.121,29.695,28.476,0 days 02:29:10.830000,0 days 02:29:40.525000,0 days 02:30:09.001000,311.0,310.0,307.0,314.0,False,MEDIUM,15.0,True,Alpine,0 days 02:28:42.699000,2023-09-03 14:29:43.744,1,16.0,False,,False,True
0 days 02:31:35.135000,GAS,10,86.144,47.0,3.0,,,27.984,29.639,28.521,0 days 02:30:36.985000,0 days 02:31:06.624000,0 days 02:31:35.145000,310.0,311.0,308.0,316.0,False,MEDIUM,16.0,True,Alpine,0 days 02:30:08.991000,2023-09-03 14:31:10.036,1,16.0,False,,False,True
0 days 02:33:01.423000,GAS,10,86.288,48.0,3.0,,,28.078,29.805,28.405,0 days 02:32:03.223000,0 days 02:32:33.028000,0 days 02:33:01.433000,311.0,311.0,309.0,317.0,False,MEDIUM,17.0,True,Alpine,0 days 02:31:35.135000,2023-09-03 14:32:36.180,1,16.0,False,,False,True
0 days 02:34:29.336000,GAS,10,87.913,49.0,3.0,,,28.05,30.784,29.079,0 days 02:33:29.483000,0 days 02:34:00.267000,0 days 02:34:29.346000,311.0,325.0,311.0,322.0,False,MEDIUM,18.0,True,Alpine,0 days 02:33:01.423000,2023-09-03 14:34:02.468,1,16.0,False,,False,True
0 days 02:35:56.711000,GAS,10,87.375,50.0,3.0,,,28.252,30.016,29.107,0 days 02:34:57.598000,0 days 02:35:27.614000,0 days 02:35:56.721000,307.0,307.0,307.0,315.0,False,MEDIUM,19.0,True,Alpine,0 days 02:34:29.336000,2023-09-03 14:35:30.381,1,15.0,False,,False,True
0 days 01:25:18.562000,PER,11,86.881,2.0,1.0,,,28.473,29.887,28.521,0 days 01:24:20.154000,0 days 01:24:50.041000,0 days 01:25:18.562000,311.0,312.0,306.0,301.0,True,MEDIUM,2.0,True,Red Bull Racing,0 days 01:23:51.681000,2023-09-03 13:24:52.726,1,5.0,False,,False,True
0 days 01:26:44.705000,PER,11,86.143,3.0,1.0,,,28.372,29.462,28.309,0 days 01:25:46.934000,0 days 01:26:16.396000,0 days 01:26:44.705000,312.0,326.0,308.0,308.0,True,MEDIUM,3.0,True,Red Bull Racing,0 days 01:25:18.562000,2023-09-03 13:26:19.607,1,5.0,False,,False,True
0 days 01:28:10.724000,PER,11,86.019,4.0,1.0,,,28.308,29.522,28.189,0 days 01:27:13.013000,0 days 01:27:42.535000,0 days 01:28:10.724000,313.0,335.0,310.0,308.0,True,MEDIUM,4.0,True,Red Bull Racing,0 days 01:26:44.705000,2023-09-03 13:27:45.750,1,5.0,False,,False,True
0 days 01:29:37.078000,PER,11,86.354,5.0,1.0,,,28.33,29.673,28.351,0 days 01:28:39.054000,0 days 01:29:08.727000,0 days 01:29:37.078000,309.0,325.0,309.0,340.0,False,MEDIUM,5.0,True,Red Bull Racing,0 days 01:28:10.724000,2023-09-03 13:29:11.769,1,5.0,False,,False,True
0 days 01:31:03.543000,PER,11,86.465,6.0,1.0,,,28.327,29.863,28.275,0 days 01:30:05.405000,0 days 01:30:35.268000,0 days 01:31:03.543000,308.0,321.0,308.0,317.0,False,MEDIUM,6.0,True,Red Bull Racing,0 days 01:29:37.078000,2023-09-03 13:30:38.123,1,5.0,False,,False,True
0 days 01:32:29.876000,PER,11,86.333,7.0,1.0,,,28.288,29.798,28.247,0 days 01:31:31.831000,0 days 01:32:01.629000,0 days 01:32:29.876000,308.0,322.0,310.0,319.0,False,MEDIUM,7.0,True,Red Bull Racing,0 days 01:31:03.543000,2023-09-03 13:32:04.588,1,5.0,False,,False,True
0 days 01:33:56.763000,PER,11,86.887,8.0,1.0,,,28.038,30.154,28.695,0 days 01:32:57.914000,0 days 01:33:28.068000,0 days 01:33:56.763000,314.0,324.0,305.0,340.0,False,MEDIUM,8.0,True,Red Bull Racing,0 days 01:32:29.876000,2023-09-03 13:33:30.921,1,5.0,False,,False,True
0 days 01:35:23.327000,PER,11,86.564,9.0,1.0,,,28.437,29.838,28.289,0 days 01:34:25.200000,0 days 01:34:55.038000,0 days 01:35:23.327000,309.0,319.0,308.0,313.0,False,MEDIUM,9.0,True,Red Bull Racing,0 days 01:33:56.763000,2023-09-03 13:34:57.808,1,5.0,False,,False,True
0 days 01:36:49.781000,PER,11,86.454,10.0,1.0,,,28.302,29.828,28.324,0 days 01:35:51.629000,0 days 01:36:21.457000,0 days 01:36:49.781000,312.0,334.0,310.0,315.0,False,MEDIUM,10.0,True,Red Bull Racing,0 days 01:35:23.327000,2023-09-03 13:36:24.372,1,5.0,False,,False,True
0 days 01:38:17.026000,PER,11,87.245,11.0,1.0,,,28.223,30.258,28.764,0 days 01:37:18.004000,0 days 01:37:48.262000,0 days 01:38:17.026000,325.0,324.0,309.0,349.0,False,MEDIUM,11.0,True,Red Bull Racing,0 days 01:36:49.781000,2023-09-03 13:37:50.826,1,5.0,False,,False,True
0 days 01:39:43.994000,PER,11,86.968,12.0,1.0,,,28.362,30.211,28.395,0 days 01:38:45.388000,0 days 01:39:15.599000,0 days 01:39:43.994000,309.0,320.0,311.0,345.0,False,MEDIUM,12.0,True,Red Bull Racing,0 days 01:38:17.026000,2023-09-03 13:39:18.071,1,5.0,False,,False,True
0 days 01:41:11.008000,PER,11,87.014,13.0,1.0,,,28.52,30.253,28.241,0 days 01:40:12.514000,0 days 01:40:42.767000,0 days 01:41:11.008000,308.0,319.0,310.0,316.0,False,MEDIUM,13.0,True,Red Bull Racing,0 days 01:39:43.994000,2023-09-03 13:40:45.039,1,5.0,False,,False,True
0 days 01:44:05.238000,PER,11,86.779,15.0,1.0,,,28.425,30.127,28.227,0 days 01:43:06.884000,0 days 01:43:37.011000,0 days 01:44:05.238000,312.0,322.0,311.0,307.0,False,MEDIUM,15.0,True,Red Bull Racing,0 days 01:42:38.459000,2023-09-03 13:43:39.504,1,5.0,False,,False,True
0 days 01:45:32.061000,PER,11,86.823,16.0,1.0,,,28.121,30.458,28.244,0 days 01:44:33.359000,0 days 01:45:03.817000,0 days 01:45:32.061000,322.0,306.0,305.0,341.0,False,MEDIUM,16.0,True,Red Bull Racing,0 days 01:44:05.238000,2023-09-03 13:45:06.283,1,4.0,False,,False,True
0 days 01:46:59.072000,PER,11,87.011,17.0,1.0,,,28.691,30.102,28.218,0 days 01:46:00.752000,0 days 01:46:30.854000,0 days 01:46:59.072000,312.0,310.0,307.0,299.0,False,MEDIUM,17.0,True,Red Bull Racing,0 days 01:45:32.061000,2023-09-03 13:46:33.106,1,4.0,False,,False,True
0 days 01:48:25.837000,PER,11,86.765,18.0,1.0,,,28.397,29.981,28.387,0 days 01:47:27.469000,0 days 01:47:57.450000,0 days 01:48:25.837000,314.0,312.0,306.0,314.0,False,MEDIUM,18.0,True,Red Bull Racing,0 days 01:46:59.072000,2023-09-03 13:48:00.117,1,4.0,False,,False,True
0 days 01:49:52.506000,PER,11,86.669,19.0,1.0,,,28.381,29.943,28.345,0 days 01:48:54.218000,0 days 01:49:24.161000,0 days 01:49:52.506000,314.0,316.0,306.0,315.0,False,MEDIUM,19.0,True,Red Bull Racing,0 days 01:48:25.837000,2023-09-03 13:49:26.882,1,3.0,False,,False,True
0 days 01:51:19.015000,PER,11,86.509,20.0,1.0,,,28.174,29.896,28.439,0 days 01:50:20.680000,0 days 01:50:50.576000,0 days 01:51:19.015000,316.0,327.0,306.0,327.0,False,MEDIUM,20.0,True,Red Bull Racing,0 days 01:49:52.506000,2023-09-03 13:50:53.551,1,2.0,False,,False,True
0 days 01:56:00.741000,PER,11,85.564,23.0,2.0,,,28.146,29.392,28.026,0 days 01:55:03.323000,0 days 01:55:32.715000,0 days 01:56:00.741000,313.0,327.0,309.0,318.0,True,HARD,2.0,True,Red Bull Racing,0 days 01:54:35.177000,2023-09-03 13:55:36.222,1,6.0,False,,False,True
0 days 01:57:26.500000,PER,11,85.759,24.0,2.0,,,28.041,29.399,28.319,0 days 01:56:28.782000,0 days 01:56:58.181000,0 days 01:57:26.500000,315.0,336.0,313.0,330.0,False,HARD,3.0,True,Red Bull Racing,0 days 01:56:00.741000,2023-09-03 13:57:01.786,1,5.0,False,,False,True
0 days 01:58:52.505000,PER,11,86.005,25.0,2.0,,,28.403,29.587,28.015,0 days 01:57:54.903000,0 days 01:58:24.490000,0 days 01:58:52.505000,321.0,326.0,312.0,338.0,False,HARD,4.0,True,Red Bull Racing,0 days 01:57:26.500000,2023-09-03 13:58:27.545,1,5.0,False,,False,True
0 days 02:00:18.389000,PER,11,85.884,26.0,2.0,,,28.196,29.713,27.975,0 days 01:59:20.701000,0 days 01:59:50.414000,0 days 02:00:18.389000,313.0,327.0,311.0,344.0,False,HARD,5.0,True,Red Bull Racing,0 days 01:58:52.505000,2023-09-03 13:59:53.550,1,5.0,False,,False,True
0 days 02:01:44.845000,PER,11,86.456,27.0,2.0,,,28.286,29.542,28.628,0 days 02:00:46.675000,0 days 02:01:16.217000,0 days 02:01:44.845000,310.0,330.0,308.0,312.0,False,HARD,6.0,True,Red Bull Racing,0 days 02:00:18.389000,2023-09-03 14:01:19.434,1,4.0,False,,False,True
0 days 02:03:10.429000,PER,11,85.584,28.0,2.0,,,28.034,29.58,27.97,0 days 02:02:12.879000,0 days 02:02:42.459000,0 days 02:03:10.429000,312.0,327.0,310.0,325.0,False,HARD,7.0,True,Red Bull Racing,0 days 02:01:44.845000,2023-09-03 14:02:45.890,1,4.0,False,,False,True
0 days 02:04:36.035000,PER,11,85.606,29.0,2.0,,,28.122,29.489,27.995,0 days 02:03:38.551000,0 days 02:04:08.040000,0 days 02:04:36.035000,313.0,330.0,312.0,328.0,False,HARD,8.0,True,Red Bull Racing,0 days 02:03:10.429000,2023-09-03 14:04:11.474,1,4.0,False,,False,True
0 days 02:06:01.792000,PER,11,85.757,30.0,2.0,,,28.101,29.752,27.904,0 days 02:05:04.136000,0 days 02:05:33.888000,0 days 02:06:01.792000,314.0,324.0,313.0,354.0,False,HARD,9.0,True,Red Bull Racing,0 days 02:04:36.035000,2023-09-03 14:05:37.080,1,4.0,False,,False,True
0 days 02:07:28.207000,PER,11,86.415,31.0,2.0,,,27.825,30.328,28.262,0 days 02:06:29.617000,0 days 02:06:59.945000,0 days 02:07:28.207000,322.0,324.0,314.0,351.0,False,HARD,10.0,True,Red Bull Racing,0 days 02:06:01.792000,2023-09-03 14:07:02.837,1,4.0,False,,False,True
0 days 02:08:54.087000,PER,11,85.88,32.0,2.0,,,28.166,29.868,27.846,0 days 02:07:56.373000,0 days 02:08:26.241000,0 days 02:08:54.087000,308.0,308.0,309.0,331.0,False,HARD,11.0,True,Red Bull Racing,0 days 02:07:28.207000,2023-09-03 14:08:29.252,1,3.0,False,,False,True
0 days 02:10:20.107000,PER,11,86.02,33.0,2.0,,,28.422,29.703,27.895,0 days 02:09:22.509000,0 days 02:09:52.212000,0 days 02:10:20.107000,310.0,309.0,309.0,306.0,False,HARD,12.0,True,Red Bull Racing,0 days 02:08:54.087000,2023-09-03 14:09:55.132,1,3.0,False,,False,True
0 days 02:11:46.055000,PER,11,85.948,34.0,2.0,,,28.323,29.676,27.949,0 days 02:10:48.430000,0 days 02:11:18.106000,0 days 02:11:46.055000,309.0,314.0,309.0,308.0,False,HARD,13.0,True,Red Bull Racing,0 days 02:10:20.107000,2023-09-03 14:11:21.152,1,3.0,False,,False,True
0 days 02:13:11.706000,PER,11,85.651,35.0,2.0,,,28.18,29.513,27.958,0 days 02:12:14.235000,0 days 02:12:43.748000,0 days 02:13:11.706000,314.0,314.0,309.0,313.0,False,HARD,14.0,True,Red Bull Racing,0 days 02:11:46.055000,2023-09-03 14:12:47.100,1,3.0,False,,False,True
0 days 02:14:37.333000,PER,11,85.627,36.0,2.0,,,28.192,29.54,27.895,0 days 02:13:39.898000,0 days 02:14:09.438000,0 days 02:14:37.333000,313.0,314.0,309.0,318.0,False,HARD,15.0,True,Red Bull Racing,0 days 02:13:11.706000,2023-09-03 14:14:12.751,1,3.0,False,,False,True
0 days 02:16:03.090000,PER,11,85.757,37.0,2.0,,,28.168,29.619,27.97,0 days 02:15:05.501000,0 days 02:15:35.120000,0 days 02:16:03.090000,315.0,314.0,311.0,316.0,False,HARD,16.0,True,Red Bull Racing,0 days 02:14:37.333000,2023-09-03 14:15:38.378,1,3.0,False,,False,True
0 days 02:17:28.674000,PER,11,85.584,38.0,2.0,,,28.047,29.518,28.019,0 days 02:16:31.137000,0 days 02:17:00.655000,0 days 02:17:28.674000,316.0,315.0,312.0,316.0,False,HARD,17.0,True,Red Bull Racing,0 days 02:16:03.090000,2023-09-03 14:17:04.135,1,3.0,False,,False,True
0 days 02:18:54.196000,PER,11,85.522,39.0,2.0,,,28.005,29.53,27.987,0 days 02:17:56.679000,0 days 02:18:26.209000,0 days 02:18:54.196000,326.0,316.0,312.0,320.0,True,HARD,18.0,True,Red Bull Racing,0 days 02:17:28.674000,2023-09-03 14:18:29.719,1,3.0,False,,False,True
0 days 02:20:19.822000,PER,11,85.626,40.0,2.0,,,28.096,29.591,27.939,0 days 02:19:22.292000,0 days 02:19:51.883000,0 days 02:20:19.822000,314.0,330.0,313.0,323.0,False,HARD,19.0,True,Red Bull Racing,0 days 02:18:54.196000,2023-09-03 14:19:55.241,1,3.0,False,,False,True
0 days 02:21:46.541000,PER,11,86.719,41.0,2.0,,,28.078,30.539,28.102,0 days 02:20:47.900000,0 days 02:21:18.439000,0 days 02:21:46.541000,330.0,324.0,314.0,347.0,False,HARD,20.0,True,Red Bull Racing,0 days 02:20:19.822000,2023-09-03 14:21:20.867,1,3.0,False,,False,True
0 days 02:23:13.080000,PER,11,86.539,42.0,2.0,,,28.121,30.276,28.142,0 days 02:22:14.662000,0 days 02:22:44.938000,0 days 02:23:13.080000,322.0,326.0,312.0,329.0,False,HARD,21.0,True,Red Bull Racing,0 days 02:21:46.541000,2023-09-03 14:22:47.586,1,3.0,False,,False,True
0 days 02:26:06.033000,PER,11,86.329,44.0,2.0,,,28.396,29.943,27.99,0 days 02:25:08.100000,0 days 02:25:38.043000,0 days 02:26:06.033000,314.0,325.0,314.0,316.0,False,HARD,23.0,True,Red Bull Racing,0 days 02:24:39.704000,2023-09-03 14:25:40.749,1,3.0,False,,False,True
0 days 02:28:58.204000,PER,11,85.598,46.0,2.0,,,27.932,29.663,28.003,0 days 02:28:00.538000,0 days 02:28:30.201000,0 days 02:28:58.204000,316.0,315.0,311.0,340.0,False,HARD,25.0,True,Red Bull Racing,0 days 02:27:32.606000,2023-09-03 14:28:33.651,1,2.0,False,,False,True
0 days 02:30:24.680000,PER,11,86.476,47.0,2.0,,,28.289,29.768,28.419,0 days 02:29:26.493000,0 days 02:29:56.261000,0 days 02:30:24.680000,315.0,315.0,310.0,314.0,False,HARD,26.0,True,Red Bull Racing,0 days 02:28:58.204000,2023-09-03 14:29:59.249,1,2.0,False,,False,True
0 days 02:31:50.788000,PER,11,86.108,48.0,2.0,,,28.253,29.659,28.196,0 days 02:30:52.933000,0 days 02:31:22.592000,0 days 02:31:50.788000,316.0,316.0,310.0,317.0,False,HARD,27.0,True,Red Bull Racing,0 days 02:30:24.680000,2023-09-03 14:31:25.725,1,2.0,False,,False,True
0 days 02:33:16.794000,PER,11,86.006,49.0,2.0,,,28.272,29.563,28.171,0 days 02:32:19.060000,0 days 02:32:48.623000,0 days 02:33:16.794000,314.0,315.0,310.0,312.0,False,HARD,28.0,True,Red Bull Racing,0 days 02:31:50.788000,2023-09-03 14:32:51.833,1,2.0,False,,False,True
0 days 02:34:43.179000,PER,11,86.385,50.0,2.0,,,28.257,29.905,28.223,0 days 02:33:45.051000,0 days 02:34:14.956000,0 days 02:34:43.179000,315.0,314.0,310.0,315.0,False,HARD,29.0,True,Red Bull Racing,0 days 02:33:16.794000,2023-09-03 14:34:17.839,1,2.0,False,,False,True
0 days 02:36:09.082000,PER,11,85.903,51.0,2.0,,,28.247,29.516,28.14,0 days 02:35:11.426000,0 days 02:35:40.942000,0 days 02:36:09.082000,316.0,315.0,311.0,311.0,False,HARD,30.0,True,Red Bull Racing,0 days 02:34:43.179000,2023-09-03 14:35:44.224,1,2.0,False,,False,True
0 days 01:25:23.227000,ALO,14,88.012,2.0,1.0,,,28.525,30.38,29.107,0 days 01:24:23.748000,0 days 01:24:54.128000,0 days 01:25:23.235000,311.0,311.0,308.0,316.0,True,MEDIUM,2.0,True,Aston Martin,0 days 01:23:55.215000,2023-09-03 13:24:56.260,1,11.0,False,,False,True
0 days 01:28:17.994000,ALO,14,87.221,4.0,1.0,,,28.2,30.095,28.926,0 days 01:27:18.981000,0 days 01:27:49.076000,0 days 01:28:18.002000,315.0,329.0,309.0,325.0,True,MEDIUM,4.0,True,Aston Martin,0 days 01:26:50.773000,2023-09-03 13:27:51.818,1,11.0,False,,False,True
0 days 01:29:45.027000,ALO,14,87.033,5.0,1.0,,,28.03,30.158,28.845,0 days 01:28:46.032000,0 days 01:29:16.190000,0 days 01:29:45.035000,317.0,329.0,309.0,339.0,True,MEDIUM,5.0,True,Aston Martin,0 days 01:28:17.994000,2023-09-03 13:29:19.039,1,11.0,False,,False,True
0 days 01:31:12.202000,ALO,14,87.175,6.0,1.0,,,28.048,30.18,28.947,0 days 01:30:13.083000,0 days 01:30:43.263000,0 days 01:31:12.210000,318.0,326.0,309.0,334.0,False,MEDIUM,6.0,True,Aston Martin,0 days 01:29:45.027000,2023-09-03 13:30:46.072,1,11.0,False,,False,True
0 days 01:32:39.131000,ALO,14,86.929,7.0,1.0,,,28.135,29.944,28.85,0 days 01:31:40.345000,0 days 01:32:10.289000,0 days 01:32:39.139000,317.0,328.0,311.0,326.0,True,MEDIUM,7.0,True,Aston Martin,0 days 01:31:12.202000,2023-09-03 13:32:13.247,1,11.0,False,,False,True
0 days 01:34:06.074000,ALO,14,86.943,8.0,1.0,,,27.89,30.205,28.848,0 days 01:33:07.029000,0 days 01:33:37.234000,0 days 01:34:06.082000,313.0,312.0,306.0,351.0,False,MEDIUM,8.0,True,Aston Martin,0 days 01:32:39.131000,2023-09-03 13:33:40.176,1,10.0,False,,False,True
0 days 01:35:33.457000,ALO,14,87.383,9.0,1.0,,,28.364,30.033,28.986,0 days 01:34:34.446000,0 days 01:35:04.479000,0 days 01:35:33.465000,313.0,311.0,306.0,317.0,False,MEDIUM,9.0,True,Aston Martin,0 days 01:34:06.074000,2023-09-03 13:35:07.119,1,10.0,False,,False,True
0 days 01:37:00.825000,ALO,14,87.368,10.0,1.0,,,28.289,30.065,29.014,0 days 01:36:01.754000,0 days 01:36:31.819000,0 days 01:37:00.833000,315.0,312.0,307.0,323.0,False,MEDIUM,10.0,True,Aston Martin,0 days 01:35:33.457000,2023-09-03 13:36:34.502,1,10.0,False,,False,True
0 days 01:38:28.168000,ALO,14,87.343,11.0,1.0,,,28.23,30.106,29.007,0 days 01:37:29.063000,0 days 01:37:59.169000,0 days 01:38:28.176000,317.0,314.0,307.0,316.0,False,MEDIUM,11.0,True,Aston Martin,0 days 01:37:00.825000,2023-09-03 13:38:01.870,1,10.0,False,,False,True
0 days 01:39:55.507000,ALO,14,87.339,12.0,1.0,,,28.344,30.153,28.842,0 days 01:38:56.520000,0 days 01:39:26.673000,0 days 01:39:55.515000,314.0,314.0,306.0,314.0,False,MEDIUM,12.0,True,Aston Martin,0 days 01:38:28.168000,2023-09-03 13:39:29.213,1,10.0,False,,False,True
0 days 01:41:22.665000,ALO,14,87.158,13.0,1.0,,,28.219,30.16,28.779,0 days 01:40:23.734000,0 days 01:40:53.894000,0 days 01:41:22.673000,314.0,314.0,307.0,321.0,False,MEDIUM,13.0,True,Aston Martin,0 days 01:39:55.507000,2023-09-03 13:40:56.552,1,10.0,False,,False,True
0 days 01:42:50.272000,ALO,14,87.607,14.0,1.0,,,28.743,30.141,28.723,0 days 01:41:51.416000,0 days 01:42:21.557000,0 days 01:42:50.280000,315.0,312.0,307.0,323.0,False,MEDIUM,14.0,True,Aston Martin,0 days 01:41:22.665000,2023-09-03 13:42:23.710,1,10.0,False,,False,True
0 days 01:44:17.201000,ALO,14,86.929,15.0,1.0,,,28.12,30.043,28.766,0 days 01:43:18.400000,0 days 01:43:48.443000,0 days 01:44:17.209000,318.0,316.0,306.0,325.0,False,MEDIUM,15.0,True,Aston Martin,0 days 01:42:50.272000,2023-09-03 13:43:51.317,1,10.0,False,,False,True
0 days 01:45:44.365000,ALO,14,87.164,16.0,1.0,,,28.235,30.255,28.674,0 days 01:44:45.444000,0 days 01:45:15.699000,0 days 01:45:44.373000,316.0,312.0,308.0,323.0,False,MEDIUM,16.0,True,Aston Martin,0 days 01:44:17.201000,2023-09-03 13:45:18.246,1,9.0,False,,False,True
0 days 01:47:11.521000,ALO,14,87.156,17.0,1.0,,,28.169,30.151,28.836,0 days 01:46:12.542000,0 days 01:46:42.693000,0 days 01:47:11.529000,317.0,312.0,306.0,323.0,False,MEDIUM,17.0,True,Aston Martin,0 days 01:45:44.365000,2023-09-03 13:46:45.410,1,9.0,False,,False,True
0 days 01:48:38.796000,ALO,14,87.275,18.0,1.0,,,28.21,30.324,28.741,0 days 01:47:39.739000,0 days 01:48:10.063000,0 days 01:48:38.804000,319.0,315.0,308.0,325.0,False,MEDIUM,18.0,True,Aston Martin,0 days 01:47:11.521000,2023-09-03 13:48:12.566,1,9.0,False,,False,True
0 days 01:50:06.114000,ALO,14,87.318,19.0,1.0,,,28.251,30.267,28.8,0 days 01:49:07.055000,0 days 01:49:37.322000,0 days 01:50:06.122000,318.0,316.0,308.0,326.0,False,MEDIUM,19.0,True,Aston Martin,0 days 01:48:38.796000,2023-09-03 13:49:39.841,1,9.0,False,,False,True
0 days 01:51:34.398000,ALO,14,88.284,20.0,1.0,,,28.303,31.004,28.977,0 days 01:50:34.425000,0 days 01:51:05.429000,0 days 01:51:34.406000,317.0,316.0,308.0,327.0,False,MEDIUM,20.0,True,Aston Martin,0 days 01:50:06.114000,2023-09-03 13:51:07.159,1,7.0,False,,False,True
0 days 01:56:20.896000,ALO,14,86.849,23.0,2.0,,,28.229,29.832,28.788,0 days 01:55:22.284000,0 days 01:55:52.116000,0 days 01:56:20.904000,314.0,309.0,308.0,316.0,True,HARD,5.0,False,Aston Martin,0 days 01:54:54.047000,2023-09-03 13:55:55.092,1,12.0,False,,False,True
0 days 01:57:47.845000,ALO,14,86.949,24.0,2.0,,,28.24,30.006,28.703,0 days 01:56:49.144000,0 days 01:57:19.150000,0 days 01:57:47.853000,311.0,312.0,309.0,309.0,False,HARD,6.0,False,Aston Martin,0 days 01:56:20.896000,2023-09-03 13:57:21.941,1,11.0,False,,False,True
0 days 01:59:14.744000,ALO,14,86.899,25.0,2.0,,,28.139,30.044,28.716,0 days 01:58:15.992000,0 days 01:58:46.036000,0 days 01:59:14.752000,314.0,312.0,307.0,314.0,False,HARD,7.0,False,Aston Martin,0 days 01:57:47.845000,2023-09-03 13:58:48.890,1,11.0,False,,False,True
0 days 02:00:41.536000,ALO,14,86.792,26.0,2.0,,,28.194,29.885,28.713,0 days 01:59:42.946000,0 days 02:00:12.831000,0 days 02:00:41.544000,315.0,313.0,307.0,316.0,True,HARD,8.0,False,Aston Martin,0 days 01:59:14.744000,2023-09-03 14:00:15.789,1,10.0,False,,False,True
0 days 02:02:08.202000,ALO,14,86.666,27.0,2.0,,,28.132,29.838,28.696,0 days 02:01:09.676000,0 days 02:01:39.514000,0 days 02:02:08.210000,314.0,314.0,307.0,321.0,True,HARD,9.0,False,Aston Martin,0 days 02:00:41.536000,2023-09-03 14:01:42.581,1,10.0,False,,False,True
0 days 02:03:34.925000,ALO,14,86.723,28.0,2.0,,,28.121,29.958,28.644,0 days 02:02:36.331000,0 days 02:03:06.289000,0 days 02:03:34.933000,316.0,314.0,308.0,322.0,False,HARD,10.0,False,Aston Martin,0 days 02:02:08.202000,2023-09-03 14:03:09.247,1,9.0,False,,False,True
0 days 02:05:01.922000,ALO,14,86.997,29.0,2.0,,,28.249,30.04,28.708,0 days 02:04:03.182000,0 days 02:04:33.222000,0 days 02:05:01.930000,320.0,327.0,308.0,325.0,False,HARD,11.0,False,Aston Martin,0 days 02:03:34.925000,2023-09-03 14:04:35.970,1,10.0,False,,False,True
0 days 02:06:28.837000,ALO,14,86.915,30.0,2.0,,,28.315,29.961,28.639,0 days 02:05:30.245000,0 days 02:06:00.206000,0 days 02:06:28.845000,319.0,317.0,309.0,316.0,False,HARD,12.0,False,Aston Martin,0 days 02:05:01.922000,2023-09-03 14:06:02.967,1,10.0,False,,False,True
0 days 02:07:55.685000,ALO,14,86.848,31.0,2.0,,,28.145,30.095,28.608,0 days 02:06:56.990000,0 days 02:07:27.085000,0 days 02:07:55.693000,315.0,314.0,309.0,326.0,False,HARD,13.0,False,Aston Martin,0 days 02:06:28.837000,2023-09-03 14:07:29.882,1,10.0,False,,False,True
0 days 02:09:22.432000,ALO,14,86.747,32.0,2.0,,,28.219,29.93,28.598,0 days 02:08:23.912000,0 days 02:08:53.842000,0 days 02:09:22.440000,317.0,314.0,308.0,320.0,False,HARD,14.0,False,Aston Martin,0 days 02:07:55.685000,2023-09-03 14:08:56.730,1,10.0,False,,False,True
0 days 02:10:49.201000,ALO,14,86.769,33.0,2.0,,,28.316,29.842,28.611,0 days 02:09:50.756000,0 days 02:10:20.598000,0 days 02:10:49.209000,316.0,314.0,310.0,318.0,False,HARD,15.0,False,Aston Martin,0 days 02:09:22.432000,2023-09-03 14:10:23.477,1,10.0,False,,False,True
0 days 02:12:15.764000,ALO,14,86.563,34.0,2.0,,,28.146,29.905,28.512,0 days 02:11:17.355000,0 days 02:11:47.260000,0 days 02:12:15.772000,315.0,314.0,308.0,321.0,True,HARD,16.0,False,Aston Martin,0 days 02:10:49.201000,2023-09-03 14:11:50.246,1,10.0,False,,False,True
0 days 02:13:42.281000,ALO,14,86.517,35.0,2.0,,,28.068,29.929,28.52,0 days 02:12:43.840000,0 days 02:13:13.769000,0 days 02:13:42.289000,315.0,313.0,308.0,325.0,True,HARD,17.0,False,Aston Martin,0 days 02:12:15.764000,2023-09-03 14:13:16.809,1,10.0,False,,False,True
0 days 02:15:08.738000,ALO,14,86.457,36.0,2.0,,,28.152,29.967,28.338,0 days 02:14:10.441000,0 days 02:14:40.408000,0 days 02:15:08.746000,315.0,313.0,309.0,322.0,True,HARD,18.0,False,Aston Martin,0 days 02:13:42.281000,2023-09-03 14:14:43.326,1,10.0,False,,False,True
0 days 02:16:35.118000,ALO,14,86.38,37.0,2.0,,,28.147,29.835,28.398,0 days 02:15:36.893000,0 days 02:16:06.728000,0 days 02:16:35.126000,316.0,314.0,310.0,324.0,True,HARD,19.0,False,Aston Martin,0 days 02:15:08.738000,2023-09-03 14:16:09.783,1,10.0,False,,False,True
0 days 02:18:01.692000,ALO,14,86.574,38.0,2.0,,,28.039,29.984,28.551,0 days 02:17:03.165000,0 days 02:17:33.149000,0 days 02:18:01.700000,317.0,315.0,306.0,321.0,False,HARD,20.0,False,Aston Martin,0 days 02:16:35.118000,2023-09-03 14:17:36.163,1,10.0,False,,False,True
0 days 02:19:28.399000,ALO,14,86.707,39.0,2.0,,,28.156,30.082,28.469,0 days 02:18:29.856000,0 days 02:18:59.938000,0 days 02:19:28.407000,317.0,314.0,309.0,321.0,False,HARD,21.0,False,Aston Martin,0 days 02:18:01.692000,2023-09-03 14:19:02.737,1,10.0,False,,False,True
0 days 02:20:55.009000,ALO,14,86.61,40.0,2.0,,,28.187,29.957,28.466,0 days 02:19:56.594000,0 days 02:20:26.551000,0 days 02:20:55.017000,317.0,314.0,309.0,319.0,False,HARD,22.0,False,Aston Martin,0 days 02:19:28.399000,2023-09-03 14:20:29.444,1,10.0,False,,False,True
0 days 02:22:21.824000,ALO,14,86.815,41.0,2.0,,,28.084,30.125,28.606,0 days 02:21:23.101000,0 days 02:21:53.226000,0 days 02:22:21.832000,316.0,316.0,309.0,325.0,False,HARD,23.0,False,Aston Martin,0 days 02:20:55.009000,2023-09-03 14:21:56.054,1,9.0,False,,False,True
0 days 02:23:48.227000,ALO,14,86.403,42.0,2.0,,,28.072,29.934,28.397,0 days 02:22:49.904000,0 days 02:23:19.838000,0 days 02:23:48.235000,317.0,315.0,309.0,320.0,False,HARD,24.0,False,Aston Martin,0 days 02:22:21.824000,2023-09-03 14:23:22.869,1,9.0,False,,False,True
0 days 02:25:14.332000,ALO,14,86.105,43.0,2.0,,,28.036,29.833,28.236,0 days 02:24:16.271000,0 days 02:24:46.104000,0 days 02:25:14.340000,317.0,314.0,309.0,326.0,True,HARD,25.0,False,Aston Martin,0 days 02:23:48.227000,2023-09-03 14:24:49.272,1,9.0,False,,False,True
0 days 02:26:40.487000,ALO,14,86.155,44.0,2.0,,,28.025,29.868,28.262,0 days 02:25:42.365000,0 days 02:26:12.233000,0 days 02:26:40.495000,318.0,315.0,310.0,322.0,False,HARD,26.0,False,Aston Martin,0 days 02:25:14.332000,2023-09-03 14:26:15.377,1,9.0,False,,False,True
0 days 02:28:06.764000,ALO,14,86.277,45.0,2.0,,,28.023,29.92,28.334,0 days 02:27:08.518000,0 days 02:27:38.438000,0 days 02:28:06.772000,320.0,318.0,309.0,322.0,False,HARD,27.0,False,Aston Martin,0 days 02:26:40.487000,2023-09-03 14:27:41.532,1,9.0,False,,False,True
0 days 02:29:33.217000,ALO,14,86.453,46.0,2.0,,,28.069,30.096,28.288,0 days 02:28:34.841000,0 days 02:29:04.937000,0 days 02:29:33.225000,320.0,317.0,311.0,326.0,False,HARD,28.0,False,Aston Martin,0 days 02:28:06.764000,2023-09-03 14:29:07.809,1,9.0,False,,False,True
0 days 02:31:00.129000,ALO,14,86.912,47.0,2.0,,,27.97,30.321,28.621,0 days 02:30:01.195000,0 days 02:30:31.516000,0 days 02:31:00.137000,321.0,329.0,313.0,324.0,False,HARD,29.0,False,Aston Martin,0 days 02:29:33.217000,2023-09-03 14:30:34.262,1,9.0,False,,False,True
0 days 02:32:27.312000,ALO,14,87.183,48.0,2.0,,,28.074,30.358,28.751,0 days 02:31:28.211000,0 days 02:31:58.569000,0 days 02:32:27.320000,317.0,331.0,311.0,333.0,False,HARD,30.0,False,Aston Martin,0 days 02:31:00.129000,2023-09-03 14:32:01.174,1,9.0,False,,False,True
0 days 02:33:54.557000,ALO,14,87.245,49.0,2.0,,,28.044,30.608,28.593,0 days 02:32:55.364000,0 days 02:33:25.972000,0 days 02:33:54.565000,323.0,328.0,312.0,323.0,False,HARD,31.0,False,Aston Martin,0 days 02:32:27.312000,2023-09-03 14:33:28.357,1,9.0,False,,False,True
0 days 02:35:21.917000,ALO,14,87.36,50.0,2.0,,,28.144,30.732,28.484,0 days 02:34:22.709000,0 days 02:34:53.441000,0 days 02:35:21.925000,326.0,332.0,312.0,333.0,False,HARD,32.0,False,Aston Martin,0 days 02:33:54.557000,2023-09-03 14:34:55.602,1,9.0,False,,False,True
0 days 02:36:49.312000,ALO,14,87.395,51.0,2.0,,,27.812,30.849,28.734,0 days 02:35:49.737000,0 days 02:36:20.586000,0 days 02:36:49.320000,333.0,329.0,312.0,345.0,False,HARD,33.0,False,Aston Martin,0 days 02:35:21.917000,2023-09-03 14:36:22.962,1,9.0,False,,False,True
0 days 01:25:16.942000,LEC,16,86.312,2.0,1.0,,,28.155,29.728,28.429,0 days 01:24:18.800000,0 days 01:24:48.528000,0 days 01:25:16.957000,309.0,307.0,308.0,312.0,True,MEDIUM,2.0,True,Ferrari,0 days 01:23:50.630000,2023-09-03 13:24:51.675,1,3.0,False,,False,True
0 days 01:26:42.661000,LEC,16,85.719,3.0,1.0,,,27.933,29.256,28.53,0 days 01:25:44.890000,0 days 01:26:14.146000,0 days 01:26:42.676000,322.0,326.0,308.0,315.0,True,MEDIUM,3.0,True,Ferrari,0 days 01:25:16.942000,2023-09-03 13:26:17.987,1,3.0,False,,False,True
0 days 01:28:08.686000,LEC,16,86.025,4.0,1.0,,,28.073,29.438,28.514,0 days 01:27:10.749000,0 days 01:27:40.187000,0 days 01:28:08.701000,309.0,323.0,308.0,316.0,False,MEDIUM,4.0,True,Ferrari,0 days 01:26:42.661000,2023-09-03 13:27:43.706,1,3.0,False,,False,True
0 days 01:29:34.952000,LEC,16,86.266,5.0,1.0,,,28.042,29.611,28.613,0 days 01:28:36.743000,0 days 01:29:06.354000,0 days 01:29:34.967000,309.0,322.0,308.0,327.0,False,MEDIUM,5.0,True,Ferrari,0 days 01:28:08.686000,2023-09-03 13:29:09.731,1,3.0,False,,False,True
0 days 01:31:01.435000,LEC,16,86.483,6.0,1.0,,,28.204,29.712,28.567,0 days 01:30:03.171000,0 days 01:30:32.883000,0 days 01:31:01.450000,311.0,324.0,309.0,315.0,False,MEDIUM,6.0,True,Ferrari,0 days 01:29:34.952000,2023-09-03 13:30:35.997,1,3.0,False,,False,True
0 days 01:32:27.908000,LEC,16,86.473,7.0,1.0,,,28.13,29.768,28.575,0 days 01:31:29.580000,0 days 01:31:59.348000,0 days 01:32:27.923000,309.0,323.0,309.0,329.0,False,MEDIUM,7.0,True,Ferrari,0 days 01:31:01.435000,2023-09-03 13:32:02.480,1,3.0,False,,False,True
0 days 01:33:53.880000,LEC,16,85.972,8.0,1.0,,,28.002,29.51,28.46,0 days 01:32:55.925000,0 days 01:33:25.435000,0 days 01:33:53.895000,312.0,324.0,309.0,327.0,False,MEDIUM,8.0,True,Ferrari,0 days 01:32:27.908000,2023-09-03 13:33:28.953,1,3.0,False,,False,True
0 days 01:35:20.558000,LEC,16,86.678,9.0,1.0,,,28.037,29.789,28.852,0 days 01:34:21.932000,0 days 01:34:51.721000,0 days 01:35:20.573000,311.0,324.0,307.0,330.0,False,MEDIUM,9.0,True,Ferrari,0 days 01:33:53.880000,2023-09-03 13:34:54.925,1,3.0,False,,False,True
0 days 01:36:47.345000,LEC,16,86.787,10.0,1.0,,,28.308,29.817,28.662,0 days 01:35:48.881000,0 days 01:36:18.698000,0 days 01:36:47.360000,310.0,323.0,308.0,326.0,False,MEDIUM,10.0,True,Ferrari,0 days 01:35:20.558000,2023-09-03 13:36:21.603,1,3.0,False,,False,True
0 days 01:38:14.183000,LEC,16,86.838,11.0,1.0,,,28.279,29.772,28.787,0 days 01:37:15.639000,0 days 01:37:45.411000,0 days 01:38:14.198000,310.0,322.0,308.0,315.0,False,MEDIUM,11.0,True,Ferrari,0 days 01:36:47.345000,2023-09-03 13:37:48.390,1,3.0,False,,False,True
0 days 01:39:40.877000,LEC,16,86.694,12.0,1.0,,,28.237,29.915,28.542,0 days 01:38:42.435000,0 days 01:39:12.350000,0 days 01:39:40.892000,311.0,314.0,308.0,319.0,False,MEDIUM,12.0,True,Ferrari,0 days 01:38:14.183000,2023-09-03 13:39:15.228,1,3.0,False,,False,True
0 days 01:41:07.434000,LEC,16,86.557,13.0,1.0,,,28.136,29.853,28.568,0 days 01:40:09.028000,0 days 01:40:38.881000,0 days 01:41:07.449000,315.0,317.0,307.0,320.0,False,MEDIUM,13.0,True,Ferrari,0 days 01:39:40.877000,2023-09-03 13:40:41.922,1,3.0,False,,False,True
0 days 01:42:34.374000,LEC,16,86.94,14.0,1.0,,,28.276,30.041,28.623,0 days 01:41:35.725000,0 days 01:42:05.766000,0 days 01:42:34.389000,310.0,312.0,308.0,317.0,False,MEDIUM,14.0,True,Ferrari,0 days 01:41:07.434000,2023-09-03 13:42:08.479,1,3.0,False,,False,True
0 days 01:44:01.688000,LEC,16,87.314,15.0,1.0,,,28.401,30.047,28.866,0 days 01:43:02.790000,0 days 01:43:32.837000,0 days 01:44:01.703000,315.0,328.0,308.0,320.0,False,MEDIUM,15.0,True,Ferrari,0 days 01:42:34.374000,2023-09-03 13:43:35.419,1,3.0,False,,False,True
0 days 01:45:28.843000,LEC,16,87.155,16.0,1.0,,,28.242,30.148,28.765,0 days 01:44:29.945000,0 days 01:45:00.093000,0 days 01:45:28.858000,325.0,325.0,309.0,334.0,False,MEDIUM,16.0,True,Ferrari,0 days 01:44:01.688000,2023-09-03 13:45:02.733,1,3.0,False,,False,True
0 days 01:46:56.513000,LEC,16,87.67,17.0,1.0,,,28.308,30.329,29.033,0 days 01:45:57.166000,0 days 01:46:27.495000,0 days 01:46:56.528000,316.0,324.0,311.0,330.0,False,MEDIUM,17.0,True,Ferrari,0 days 01:45:28.843000,2023-09-03 13:46:29.888,1,3.0,False,,False,True
0 days 01:48:24.011000,LEC,16,87.498,18.0,1.0,,,28.199,30.37,28.929,0 days 01:47:24.727000,0 days 01:47:55.097000,0 days 01:48:24.026000,315.0,322.0,309.0,322.0,False,MEDIUM,18.0,True,Ferrari,0 days 01:46:56.513000,2023-09-03 13:47:57.558,1,3.0,False,,False,True
0 days 01:49:51.713000,LEC,16,87.702,19.0,1.0,,,28.304,30.386,29.012,0 days 01:48:52.330000,0 days 01:49:22.716000,0 days 01:49:51.728000,312.0,322.0,306.0,327.0,False,MEDIUM,19.0,True,Ferrari,0 days 01:48:24.011000,2023-09-03 13:49:25.056,1,2.0,False,,False,True
0 days 01:54:34.452000,LEC,16,85.742,22.0,2.0,,,28.116,29.46,28.166,0 days 01:53:36.841000,0 days 01:54:06.301000,0 days 01:54:34.467000,311.0,320.0,311.0,341.0,False,HARD,2.0,True,Ferrari,0 days 01:53:08.710000,2023-09-03 13:54:09.755,1,6.0,False,,False,True
0 days 01:56:00.259000,LEC,16,85.807,23.0,2.0,,,27.984,29.553,28.27,0 days 01:55:02.451000,0 days 01:55:32.004000,0 days 01:56:00.274000,312.0,320.0,310.0,316.0,False,HARD,3.0,True,Ferrari,0 days 01:54:34.452000,2023-09-03 13:55:35.497,1,5.0,False,,False,True
0 days 01:57:26.192000,LEC,16,85.933,24.0,2.0,,,27.945,29.668,28.32,0 days 01:56:28.219000,0 days 01:56:57.887000,0 days 01:57:26.207000,311.0,321.0,311.0,329.0,False,HARD,4.0,True,Ferrari,0 days 01:56:00.259000,2023-09-03 13:57:01.304,1,4.0,False,,False,True
0 days 01:58:52.253000,LEC,16,86.061,25.0,2.0,,,27.93,29.72,28.411,0 days 01:57:54.137000,0 days 01:58:23.857000,0 days 01:58:52.268000,311.0,321.0,311.0,347.0,False,HARD,5.0,True,Ferrari,0 days 01:57:26.192000,2023-09-03 13:58:27.237,1,4.0,False,,False,True
0 days 02:00:18.016000,LEC,16,85.763,26.0,2.0,,,28.034,29.494,28.235,0 days 01:59:20.302000,0 days 01:59:49.796000,0 days 02:00:18.031000,312.0,321.0,310.0,346.0,False,HARD,6.0,True,Ferrari,0 days 01:58:52.253000,2023-09-03 13:59:53.298,1,4.0,False,,False,True
0 days 02:01:44.250000,LEC,16,86.234,27.0,2.0,,,28.016,29.562,28.656,0 days 02:00:46.047000,0 days 02:01:15.609000,0 days 02:01:44.265000,312.0,326.0,309.0,329.0,False,HARD,7.0,True,Ferrari,0 days 02:00:18.016000,2023-09-03 14:01:19.061,1,3.0,False,,False,True
0 days 02:03:09.913000,LEC,16,85.663,28.0,2.0,,,28.012,29.486,28.165,0 days 02:02:12.277000,0 days 02:02:41.763000,0 days 02:03:09.928000,310.0,321.0,310.0,328.0,True,HARD,8.0,True,Ferrari,0 days 02:01:44.250000,2023-09-03 14:02:45.295,1,3.0,False,,False,True
0 days 02:04:35.727000,LEC,16,85.814,29.0,2.0,,,28.146,29.642,28.026,0 days 02:03:38.074000,0 days 02:04:07.716000,0 days 02:04:35.742000,312.0,320.0,310.0,324.0,False,HARD,9.0,True,Ferrari,0 days 02:03:09.913000,2023-09-03 14:04:10.958,1,3.0,False,,False,True
0 days 02:06:01.509000,LEC,16,85.782,30.0,2.0,,,28.142,29.568,28.072,0 days 02:05:03.884000,0 days 02:05:33.452000,0 days 02:06:01.524000,311.0,319.0,310.0,342.0,False,HARD,10.0,True,Ferrari,0 days 02:04:35.727000,2023-09-03 14:05:36.772,1,3.0,False,,False,True
0 days 02:07:28.005000,LEC,16,86.496,31.0,2.0,,,28.063,30.061,28.372,0 days 02:06:29.587000,0 days 02:06:59.648000,0 days 02:07:28.020000,313.0,308.0,309.0,332.0,False,HARD,11.0,True,Ferrari,0 days 02:06:01.509000,2023-09-03 14:07:02.554,1,3.0,False,,False,True
0 days 02:08:54.874000,LEC,16,86.869,32.0,2.0,,,28.786,29.915,28.168,0 days 02:07:56.806000,0 days 02:08:26.721000,0 days 02:08:54.889000,313.0,322.0,312.0,313.0,False,HARD,12.0,True,Ferrari,0 days 02:07:28.005000,2023-09-03 14:08:29.050,1,4.0,False,,False,True
0 days 02:10:20.836000,LEC,16,85.962,33.0,2.0,,,28.143,29.653,28.166,0 days 02:09:23.032000,0 days 02:09:52.685000,0 days 02:10:20.851000,315.0,323.0,312.0,322.0,False,HARD,13.0,True,Ferrari,0 days 02:08:54.874000,2023-09-03 14:09:55.919,1,4.0,False,,False,True
0 days 02:11:46.687000,LEC,16,85.851,34.0,2.0,,,28.13,29.667,28.054,0 days 02:10:48.981000,0 days 02:11:18.648000,0 days 02:11:46.702000,314.0,323.0,312.0,324.0,False,HARD,14.0,True,Ferrari,0 days 02:10:20.836000,2023-09-03 14:11:21.881,1,4.0,False,,False,True
0 days 02:13:12.537000,LEC,16,85.85,35.0,2.0,,,28.17,29.626,28.054,0 days 02:12:14.872000,0 days 02:12:44.498000,0 days 02:13:12.552000,313.0,334.0,312.0,327.0,False,HARD,15.0,True,Ferrari,0 days 02:11:46.687000,2023-09-03 14:12:47.732,1,4.0,False,,False,True
0 days 02:14:38.168000,LEC,16,85.631,36.0,2.0,,,27.916,29.701,28.014,0 days 02:13:40.468000,0 days 02:14:10.169000,0 days 02:14:38.183000,314.0,323.0,312.0,330.0,True,HARD,16.0,True,Ferrari,0 days 02:13:12.537000,2023-09-03 14:14:13.582,1,4.0,False,,False,True
0 days 02:16:03.839000,LEC,16,85.671,37.0,2.0,,,27.902,29.633,28.136,0 days 02:15:06.085000,0 days 02:15:35.718000,0 days 02:16:03.854000,315.0,331.0,312.0,331.0,False,HARD,17.0,True,Ferrari,0 days 02:14:38.168000,2023-09-03 14:15:39.213,1,4.0,False,,False,True
0 days 02:17:29.419000,LEC,16,85.58,38.0,2.0,,,27.994,29.492,28.094,0 days 02:16:31.848000,0 days 02:17:01.340000,0 days 02:17:29.434000,328.0,324.0,313.0,332.0,True,HARD,18.0,True,Ferrari,0 days 02:16:03.839000,2023-09-03 14:17:04.884,1,4.0,False,,False,True
0 days 02:18:55.048000,LEC,16,85.629,39.0,2.0,,,27.997,29.531,28.101,0 days 02:17:57.431000,0 days 02:18:26.962000,0 days 02:18:55.063000,315.0,335.0,313.0,332.0,False,HARD,19.0,True,Ferrari,0 days 02:17:29.419000,2023-09-03 14:18:30.464,1,4.0,False,,False,True
0 days 02:20:20.776000,LEC,16,85.728,40.0,2.0,,,27.941,29.673,28.114,0 days 02:19:23.004000,0 days 02:19:52.677000,0 days 02:20:20.791000,315.0,339.0,312.0,334.0,False,HARD,20.0,True,Ferrari,0 days 02:18:55.048000,2023-09-03 14:19:56.093,1,4.0,False,,False,True
0 days 02:21:47.287000,LEC,16,86.511,41.0,2.0,,,28.014,30.072,28.425,0 days 02:20:48.805000,0 days 02:21:18.877000,0 days 02:21:47.302000,313.0,329.0,312.0,330.0,False,HARD,21.0,True,Ferrari,0 days 02:20:20.776000,2023-09-03 14:21:21.821,1,4.0,False,,False,True
0 days 02:23:13.735000,LEC,16,86.448,42.0,2.0,,,28.005,30.118,28.325,0 days 02:22:15.307000,0 days 02:22:45.425000,0 days 02:23:13.750000,314.0,330.0,311.0,330.0,False,HARD,22.0,True,Ferrari,0 days 02:21:47.287000,2023-09-03 14:22:48.332,1,4.0,False,,False,True
0 days 02:24:40.332000,LEC,16,86.597,43.0,2.0,,,28.224,30.135,28.238,0 days 02:23:41.974000,0 days 02:24:12.109000,0 days 02:24:40.347000,328.0,342.0,313.0,333.0,False,HARD,23.0,True,Ferrari,0 days 02:23:13.735000,2023-09-03 14:24:14.780,1,4.0,False,,False,True
0 days 02:26:06.918000,LEC,16,86.586,44.0,2.0,,,28.282,29.969,28.335,0 days 02:25:08.629000,0 days 02:25:38.598000,0 days 02:26:06.933000,314.0,329.0,311.0,333.0,False,HARD,24.0,True,Ferrari,0 days 02:24:40.332000,2023-09-03 14:25:41.377,1,4.0,False,,False,True
0 days 02:27:33.239000,LEC,16,86.321,45.0,2.0,,,28.007,30.103,28.211,0 days 02:26:34.940000,0 days 02:27:05.043000,0 days 02:27:33.254000,315.0,328.0,314.0,332.0,False,HARD,25.0,True,Ferrari,0 days 02:26:06.918000,2023-09-03 14:27:07.963,1,4.0,False,,False,True
0 days 02:28:59.819000,LEC,16,86.58,46.0,2.0,,,27.912,30.545,28.123,0 days 02:28:01.166000,0 days 02:28:31.711000,0 days 02:28:59.834000,333.0,326.0,322.0,333.0,False,HARD,26.0,True,Ferrari,0 days 02:27:33.239000,2023-09-03 14:28:34.284,1,4.0,False,,False,True
0 days 02:31:54.018000,LEC,16,86.828,48.0,2.0,,,28.441,30.154,28.233,0 days 02:30:55.646000,0 days 02:31:25.800000,0 days 02:31:54.033000,315.0,323.0,314.0,338.0,False,HARD,28.0,True,Ferrari,0 days 02:30:27.190000,2023-09-03 14:31:28.235,1,4.0,False,,False,True
0 days 02:33:20.651000,LEC,16,86.633,49.0,2.0,,,28.284,30.207,28.142,0 days 02:32:22.317000,0 days 02:32:52.524000,0 days 02:33:20.666000,315.0,323.0,316.0,346.0,False,HARD,29.0,True,Ferrari,0 days 02:31:54.018000,2023-09-03 14:32:55.063,1,4.0,False,,False,True
0 days 02:34:47.612000,LEC,16,86.961,50.0,2.0,,,28.367,30.573,28.021,0 days 02:33:49.033000,0 days 02:34:19.606000,0 days 02:34:47.627000,311.0,323.0,315.0,354.0,False,HARD,30.0,True,Ferrari,0 days 02:33:20.651000,2023-09-03 14:34:21.696,1,4.0,False,,False,True
0 days 02:36:14.395000,LEC,16,86.783,51.0,2.0,,,28.122,30.349,28.312,0 days 02:35:15.749000,0 days 02:35:46.098000,0 days 02:36:14.410000,317.0,320.0,317.0,352.0,False,HARD,31.0,True,Ferrari,0 days 02:34:47.612000,2023-09-03 14:35:48.657,1,4.0,False,,False,True
0 days 01:25:27.615000,STR,18,88.953,2.0,1.0,,,28.81,30.757,29.386,0 days 01:24:27.499000,0 days 01:24:58.256000,0 days 01:25:27.642000,313.0,314.0,310.0,305.0,True,MEDIUM,2.0,True,Aston Martin,0 days 01:23:58.662000,2023-09-03 13:24:59.707,1,19.0,False,,False,True
0 days 01:26:56.229000,STR,18,88.614,3.0,1.0,,,28.49,30.911,29.213,0 days 01:25:56.132000,0 days 01:26:27.043000,0 days 01:26:56.256000,330.0,329.0,311.0,298.0,True,MEDIUM,3.0,True,Aston Martin,0 days 01:25:27.615000,2023-09-03 13:26:28.660,1,19.0,False,,False,True
0 days 01:28:23.954000,STR,18,87.725,4.0,1.0,,,28.152,30.384,29.189,0 days 01:27:24.408000,0 days 01:27:54.792000,0 days 01:28:23.981000,312.0,315.0,309.0,351.0,True,MEDIUM,4.0,True,Aston Martin,0 days 01:26:56.229000,2023-09-03 13:27:57.274,1,18.0,False,,False,True
0 days 01:29:51.528000,STR,18,87.574,5.0,1.0,,,28.256,30.13,29.188,0 days 01:28:52.237000,0 days 01:29:22.367000,0 days 01:29:51.555000,314.0,317.0,308.0,318.0,True,MEDIUM,5.0,True,Aston Martin,0 days 01:28:23.954000,2023-09-03 13:29:24.999,1,18.0,False,,False,True
0 days 01:31:19.184000,STR,18,87.656,6.0,1.0,,,28.333,30.229,29.094,0 days 01:30:19.888000,0 days 01:30:50.117000,0 days 01:31:19.211000,310.0,313.0,308.0,321.0,False,MEDIUM,6.0,True,Aston Martin,0 days 01:29:51.528000,2023-09-03 13:30:52.573,1,18.0,False,,False,True
0 days 01:32:46.284000,STR,18,87.1,7.0,1.0,,,28.016,29.968,29.116,0 days 01:31:47.227000,0 days 01:32:17.195000,0 days 01:32:46.311000,314.0,316.0,308.0,326.0,True,MEDIUM,7.0,True,Aston Martin,0 days 01:31:19.184000,2023-09-03 13:32:20.229,1,18.0,False,,False,True
0 days 01:34:13.646000,STR,18,87.362,8.0,1.0,,,28.218,29.966,29.178,0 days 01:33:14.529000,0 days 01:33:44.495000,0 days 01:34:13.673000,313.0,314.0,308.0,321.0,False,MEDIUM,8.0,True,Aston Martin,0 days 01:32:46.284000,2023-09-03 13:33:47.329,1,18.0,False,,False,True
0 days 01:35:40.958000,STR,18,87.312,9.0,1.0,,,28.012,30.001,29.299,0 days 01:34:41.685000,0 days 01:35:11.686000,0 days 01:35:40.985000,316.0,316.0,307.0,329.0,False,MEDIUM,9.0,True,Aston Martin,0 days 01:34:13.646000,2023-09-03 13:35:14.691,1,18.0,False,,False,True
0 days 01:37:08.497000,STR,18,87.539,10.0,1.0,,,28.062,30.153,29.324,0 days 01:36:09.047000,0 days 01:36:39.200000,0 days 01:37:08.524000,314.0,315.0,307.0,327.0,False,MEDIUM,10.0,True,Aston Martin,0 days 01:35:40.958000,2023-09-03 13:36:42.003,1,17.0,False,,False,True
0 days 01:38:35.866000,STR,18,87.369,11.0,1.0,,,28.139,30.17,29.06,0 days 01:37:36.663000,0 days 01:38:06.833000,0 days 01:38:35.893000,315.0,314.0,308.0,325.0,False,MEDIUM,11.0,True,Aston Martin,0 days 01:37:08.497000,2023-09-03 13:38:09.542,1,16.0,False,,False,True
0 days 01:40:03.676000,STR,18,87.81,12.0,1.0,,,28.188,30.336,29.286,0 days 01:39:04.081000,0 days 01:39:34.417000,0 days 01:40:03.703000,315.0,314.0,307.0,323.0,False,MEDIUM,12.0,True,Aston Martin,0 days 01:38:35.866000,2023-09-03 13:39:36.911,1,16.0,False,,False,True
0 days 01:41:31.898000,STR,18,88.222,13.0,1.0,,,28.177,30.572,29.473,0 days 01:40:31.880000,0 days 01:41:02.452000,0 days 01:41:31.925000,313.0,314.0,307.0,326.0,False,MEDIUM,13.0,True,Aston Martin,0 days 01:40:03.676000,2023-09-03 13:41:04.721,1,16.0,False,,False,True
0 days 01:42:59.955000,STR,18,88.057,14.0,1.0,,,28.293,30.415,29.349,0 days 01:42:00.218000,0 days 01:42:30.633000,0 days 01:42:59.982000,315.0,314.0,307.0,321.0,False,MEDIUM,14.0,True,Aston Martin,0 days 01:41:31.898000,2023-09-03 13:42:32.943,1,14.0,False,,False,True
0 days 01:44:28.134000,STR,18,88.179,15.0,1.0,,,28.321,30.575,29.283,0 days 01:43:28.303000,0 days 01:43:58.878000,0 days 01:44:28.161000,314.0,311.0,307.0,325.0,False,MEDIUM,15.0,True,Aston Martin,0 days 01:42:59.955000,2023-09-03 13:44:01.000,1,13.0,False,,False,True
0 days 01:45:56.214000,STR,18,88.08,16.0,1.0,,,28.251,30.546,29.283,0 days 01:44:56.412000,0 days 01:45:26.958000,0 days 01:45:56.241000,315.0,310.0,308.0,325.0,False,MEDIUM,16.0,True,Aston Martin,0 days 01:44:28.134000,2023-09-03 13:45:29.179,1,12.0,False,,False,True
0 days 01:47:24.123000,STR,18,87.909,17.0,1.0,,,28.149,30.462,29.298,0 days 01:46:24.390000,0 days 01:46:54.852000,0 days 01:47:24.150000,316.0,311.0,306.0,321.0,False,MEDIUM,17.0,True,Aston Martin,0 days 01:45:56.214000,2023-09-03 13:46:57.259,1,12.0,False,,False,True
0 days 01:48:52.524000,STR,18,88.401,18.0,1.0,,,28.279,30.672,29.45,0 days 01:47:52.429000,0 days 01:48:23.101000,0 days 01:48:52.551000,315.0,311.0,306.0,326.0,False,MEDIUM,18.0,True,Aston Martin,0 days 01:47:24.123000,2023-09-03 13:48:25.168,1,12.0,False,,False,True
0 days 01:50:20.574000,STR,18,88.05,19.0,1.0,,,28.245,30.608,29.197,0 days 01:49:20.796000,0 days 01:49:51.404000,0 days 01:50:20.601000,317.0,312.0,307.0,323.0,False,MEDIUM,19.0,True,Aston Martin,0 days 01:48:52.524000,2023-09-03 13:49:53.569,1,12.0,False,,False,True
0 days 01:55:09.193000,STR,18,86.742,22.0,2.0,,,28.099,29.727,28.916,0 days 01:54:10.577000,0 days 01:54:40.304000,0 days 01:55:09.220000,312.0,308.0,307.0,314.0,True,HARD,6.0,False,Aston Martin,0 days 01:53:42.451000,2023-09-03 13:54:43.496,1,18.0,False,,False,True
0 days 01:56:36.161000,STR,18,86.968,23.0,2.0,,,28.004,29.927,29.037,0 days 01:55:37.224000,0 days 01:56:07.151000,0 days 01:56:36.188000,312.0,307.0,307.0,318.0,False,HARD,7.0,False,Aston Martin,0 days 01:55:09.193000,2023-09-03 13:56:10.238,1,18.0,False,,False,True
0 days 01:58:03.501000,STR,18,87.34,24.0,2.0,,,28.054,30.058,29.228,0 days 01:57:04.242000,0 days 01:57:34.300000,0 days 01:58:03.528000,313.0,308.0,307.0,323.0,False,HARD,8.0,False,Aston Martin,0 days 01:56:36.161000,2023-09-03 13:57:37.206,1,18.0,False,,False,True
0 days 01:59:30.677000,STR,18,87.176,25.0,2.0,,,28.201,29.928,29.047,0 days 01:58:31.729000,0 days 01:59:01.657000,0 days 01:59:30.704000,311.0,309.0,306.0,319.0,False,HARD,9.0,False,Aston Martin,0 days 01:58:03.501000,2023-09-03 13:59:04.546,1,17.0,False,,False,True
0 days 02:00:57.936000,STR,18,87.259,26.0,2.0,,,28.225,30.003,29.031,0 days 01:59:58.929000,0 days 02:00:28.932000,0 days 02:00:57.963000,317.0,314.0,308.0,318.0,False,HARD,10.0,False,Aston Martin,0 days 01:59:30.677000,2023-09-03 14:00:31.722,1,17.0,False,,False,True
0 days 02:02:24.611000,STR,18,86.675,27.0,2.0,,,27.971,29.841,28.863,0 days 02:01:25.934000,0 days 02:01:55.775000,0 days 02:02:24.638000,316.0,314.0,308.0,322.0,True,HARD,11.0,False,Aston Martin,0 days 02:00:57.936000,2023-09-03 14:01:58.981,1,17.0,False,,False,True
0 days 02:03:51.696000,STR,18,87.085,28.0,2.0,,,28.05,30.174,28.861,0 days 02:02:52.688000,0 days 02:03:22.862000,0 days 02:03:51.723000,315.0,312.0,308.0,321.0,False,HARD,12.0,False,Aston Martin,0 days 02:02:24.611000,2023-09-03 14:03:25.656,1,17.0,False,,False,True
0 days 02:05:18.505000,STR,18,86.809,29.0,2.0,,,28.134,29.979,28.696,0 days 02:04:19.857000,0 days 02:04:49.836000,0 days 02:05:18.532000,317.0,311.0,308.0,320.0,False,HARD,13.0,False,Aston Martin,0 days 02:03:51.696000,2023-09-03 14:04:52.741,1,17.0,False,,False,True
0 days 02:06:45.429000,STR,18,86.924,30.0,2.0,,,28.197,29.99,28.737,0 days 02:05:46.729000,0 days 02:06:16.719000,0 days 02:06:45.456000,315.0,309.0,309.0,321.0,False,HARD,14.0,False,Aston Martin,0 days 02:05:18.505000,2023-09-03 14:06:19.550,1,17.0,False,,False,True
0 days 02:08:12.046000,STR,18,86.617,31.0,2.0,,,27.983,29.98,28.654,0 days 02:07:13.439000,0 days 02:07:43.419000,0 days 02:08:12.073000,316.0,310.0,309.0,324.0,True,HARD,15.0,False,Aston Martin,0 days 02:06:45.429000,2023-09-03 14:07:46.474,1,16.0,False,,False,True
0 days 02:09:38.878000,STR,18,86.832,32.0,2.0,,,28.103,29.949,28.78,0 days 02:08:40.176000,0 days 02:09:10.125000,0 days 02:09:38.905000,316.0,308.0,309.0,320.0,False,HARD,16.0,False,Aston Martin,0 days 02:08:12.046000,2023-09-03 14:09:13.091,1,16.0,False,,False,True
0 days 02:11:05.999000,STR,18,87.121,33.0,2.0,,,28.056,30.12,28.945,0 days 02:10:06.961000,0 days 02:10:37.081000,0 days 02:11:06.026000,315.0,310.0,310.0,325.0,False,HARD,17.0,False,Aston Martin,0 days 02:09:38.878000,2023-09-03 14:10:39.923,1,16.0,False,,False,True
0 days 02:12:33.297000,STR,18,87.298,34.0,2.0,,,28.16,30.213,28.925,0 days 02:11:34.186000,0 days 02:12:04.399000,0 days 02:12:33.324000,314.0,311.0,310.0,320.0,False,HARD,18.0,False,Aston Martin,0 days 02:11:05.999000,2023-09-03 14:12:07.044,1,14.0,False,,False,True
0 days 02:14:00.267000,STR,18,86.97,35.0,2.0,,,28.074,30.105,28.791,0 days 02:13:01.398000,0 days 02:13:31.503000,0 days 02:14:00.294000,315.0,313.0,310.0,321.0,False,HARD,19.0,False,Aston Martin,0 days 02:12:33.297000,2023-09-03 14:13:34.342,1,14.0,False,,False,True
0 days 02:15:27.363000,STR,18,87.096,36.0,2.0,,,28.004,30.189,28.903,0 days 02:14:28.298000,0 days 02:14:58.487000,0 days 02:15:27.390000,316.0,313.0,310.0,324.0,False,HARD,20.0,False,Aston Martin,0 days 02:14:00.267000,2023-09-03 14:15:01.312,1,14.0,False,,False,True
0 days 02:16:54.736000,STR,18,87.373,37.0,2.0,,,27.963,30.309,29.101,0 days 02:15:55.353000,0 days 02:16:25.662000,0 days 02:16:54.763000,318.0,325.0,313.0,323.0,False,HARD,21.0,False,Aston Martin,0 days 02:15:27.363000,2023-09-03 14:16:28.408,1,14.0,False,,False,True
0 days 02:18:21.638000,STR,18,86.902,38.0,2.0,,,27.996,30.183,28.723,0 days 02:17:22.759000,0 days 02:17:52.942000,0 days 02:18:21.665000,312.0,311.0,310.0,347.0,False,HARD,22.0,False,Aston Martin,0 days 02:16:54.736000,2023-09-03 14:17:55.781,1,13.0,False,,False,True
0 days 02:19:48.542000,STR,18,86.904,39.0,2.0,,,28.027,30.044,28.833,0 days 02:18:49.692000,0 days 02:19:19.736000,0 days 02:19:48.569000,314.0,313.0,309.0,317.0,False,HARD,23.0,False,Aston Martin,0 days 02:18:21.638000,2023-09-03 14:19:22.683,1,13.0,False,,False,True
0 days 02:21:15.614000,STR,18,87.072,40.0,2.0,,,28.03,30.137,28.905,0 days 02:20:16.599000,0 days 02:20:46.736000,0 days 02:21:15.641000,316.0,313.0,308.0,322.0,False,HARD,24.0,False,Aston Martin,0 days 02:19:48.542000,2023-09-03 14:20:49.587,1,13.0,False,,False,True
0 days 02:22:42.530000,STR,18,86.916,41.0,2.0,,,28.105,29.987,28.824,0 days 02:21:43.746000,0 days 02:22:13.733000,0 days 02:22:42.557000,315.0,314.0,308.0,324.0,False,HARD,25.0,False,Aston Martin,0 days 02:21:15.614000,2023-09-03 14:22:16.659,1,13.0,False,,False,True
0 days 02:24:09.597000,STR,18,87.067,42.0,2.0,,,28.139,30.109,28.819,0 days 02:23:10.696000,0 days 02:23:40.805000,0 days 02:24:09.624000,315.0,313.0,309.0,320.0,False,HARD,26.0,False,Aston Martin,0 days 02:22:42.530000,2023-09-03 14:23:43.575,1,12.0,False,,False,True
0 days 02:25:40.731000,STR,18,91.134,43.0,2.0,,,31.63,30.601,28.903,0 days 02:24:41.254000,0 days 02:25:11.855000,0 days 02:25:40.758000,312.0,312.0,309.0,323.0,False,HARD,27.0,False,Aston Martin,0 days 02:24:09.597000,2023-09-03 14:25:10.642,1,12.0,False,,False,True
0 days 02:27:08.945000,STR,18,88.214,44.0,2.0,,,28.234,30.177,29.803,0 days 02:26:08.992000,0 days 02:26:39.169000,0 days 02:27:08.972000,315.0,310.0,309.0,318.0,False,HARD,28.0,False,Aston Martin,0 days 02:25:40.731000,2023-09-03 14:26:41.776,1,13.0,False,,False,True
0 days 02:28:37.281000,STR,18,88.336,45.0,2.0,,,28.405,31.024,28.907,0 days 02:27:37.377000,0 days 02:28:08.401000,0 days 02:28:37.308000,316.0,324.0,310.0,339.0,False,HARD,29.0,False,Aston Martin,0 days 02:27:08.945000,2023-09-03 14:28:09.990,1,14.0,False,,False,True
0 days 02:30:04.434000,STR,18,87.153,46.0,2.0,,,28.138,30.176,28.839,0 days 02:29:05.446000,0 days 02:29:35.622000,0 days 02:30:04.461000,319.0,316.0,309.0,320.0,False,HARD,30.0,False,Aston Martin,0 days 02:28:37.281000,2023-09-03 14:29:38.326,1,14.0,False,,False,True
0 days 02:31:31.701000,STR,18,87.267,47.0,2.0,,,28.201,30.145,28.921,0 days 02:30:32.662000,0 days 02:31:02.807000,0 days 02:31:31.728000,316.0,315.0,310.0,323.0,False,HARD,31.0,False,Aston Martin,0 days 02:30:04.434000,2023-09-03 14:31:05.479,1,14.0,False,,False,True
0 days 02:32:59.291000,STR,18,87.59,48.0,2.0,,,28.229,30.398,28.963,0 days 02:31:59.957000,0 days 02:32:30.355000,0 days 02:32:59.318000,315.0,314.0,311.0,324.0,False,HARD,32.0,False,Aston Martin,0 days 02:31:31.701000,2023-09-03 14:32:32.746,1,14.0,False,,False,True
0 days 02:34:28.758000,STR,18,89.467,49.0,2.0,,,28.428,31.827,29.212,0 days 02:33:27.746000,0 days 02:33:59.573000,0 days 02:34:28.785000,314.0,323.0,310.0,319.0,False,HARD,33.0,False,Aston Martin,0 days 02:32:59.291000,2023-09-03 14:34:00.336,1,14.0,False,,False,True
0 days 02:35:59.623000,STR,18,90.865,50.0,2.0,,,28.705,31.401,30.759,0 days 02:34:57.490000,0 days 02:35:28.891000,0 days 02:35:59.650000,298.0,310.0,238.0,302.0,False,HARD,34.0,False,Aston Martin,0 days 02:34:28.758000,2023-09-03 14:35:29.803,1,16.0,False,,False,True
0 days 01:25:24.362000,SAR,2,88.08,2.0,1.0,,,28.252,30.443,29.385,0 days 01:24:24.538000,0 days 01:24:54.981000,0 days 01:25:24.366000,316.0,319.0,309.0,327.0,True,MEDIUM,5.0,False,Williams,0 days 01:23:56.282000,2023-09-03 13:24:57.327,1,13.0,False,,False,True
0 days 01:26:52.009000,SAR,2,87.647,3.0,1.0,,,28.124,30.425,29.098,0 days 01:25:52.490000,0 days 01:26:22.915000,0 days 01:26:52.013000,318.0,335.0,310.0,326.0,True,MEDIUM,6.0,False,Williams,0 days 01:25:24.362000,2023-09-03 13:26:25.407,1,13.0,False,,False,True
0 days 01:28:19.398000,SAR,2,87.389,4.0,1.0,,,27.934,30.315,29.14,0 days 01:27:19.947000,0 days 01:27:50.262000,0 days 01:28:19.402000,319.0,333.0,308.0,331.0,True,MEDIUM,7.0,False,Williams,0 days 01:26:52.009000,2023-09-03 13:27:53.054,1,13.0,False,,False,True
0 days 01:29:46.568000,SAR,2,87.17,5.0,1.0,,,28.002,30.133,29.035,0 days 01:28:47.404000,0 days 01:29:17.537000,0 days 01:29:46.572000,318.0,333.0,309.0,342.0,True,MEDIUM,8.0,False,Williams,0 days 01:28:19.398000,2023-09-03 13:29:20.443,1,13.0,False,,False,True
0 days 01:31:13.703000,SAR,2,87.135,6.0,1.0,,,28.01,29.938,29.187,0 days 01:30:14.582000,0 days 01:30:44.520000,0 days 01:31:13.707000,320.0,334.0,311.0,337.0,True,MEDIUM,9.0,False,Williams,0 days 01:29:46.568000,2023-09-03 13:30:47.613,1,13.0,False,,False,True
0 days 01:32:40.954000,SAR,2,87.251,7.0,1.0,,,28.24,30.056,28.955,0 days 01:31:41.947000,0 days 01:32:12.003000,0 days 01:32:40.958000,316.0,331.0,310.0,335.0,False,MEDIUM,10.0,False,Williams,0 days 01:31:13.703000,2023-09-03 13:32:14.748,1,13.0,False,,False,True
0 days 01:34:08.187000,SAR,2,87.233,8.0,1.0,,,28.118,29.957,29.158,0 days 01:33:09.076000,0 days 01:33:39.033000,0 days 01:34:08.191000,320.0,332.0,309.0,333.0,False,MEDIUM,11.0,False,Williams,0 days 01:32:40.954000,2023-09-03 13:33:41.999,1,13.0,False,,False,True
0 days 01:35:35.646000,SAR,2,87.459,9.0,1.0,,,28.149,30.12,29.19,0 days 01:34:36.340000,0 days 01:35:06.460000,0 days 01:35:35.650000,319.0,333.0,309.0,339.0,False,MEDIUM,12.0,False,Williams,0 days 01:34:08.187000,2023-09-03 13:35:09.232,1,13.0,False,,False,True
0 days 01:37:03.331000,SAR,2,87.685,10.0,1.0,,,28.385,30.052,29.248,0 days 01:36:04.035000,0 days 01:36:34.087000,0 days 01:37:03.335000,320.0,332.0,310.0,331.0,False,MEDIUM,13.0,False,Williams,0 days 01:35:35.646000,2023-09-03 13:36:36.691,1,13.0,False,,False,True
0 days 01:38:31.135000,SAR,2,87.804,11.0,1.0,,,28.334,30.151,29.319,0 days 01:37:31.669000,0 days 01:38:01.820000,0 days 01:38:31.139000,320.0,333.0,310.0,334.0,False,MEDIUM,14.0,False,Williams,0 days 01:37:03.331000,2023-09-03 13:38:04.376,1,13.0,False,,False,True
0 days 01:39:59.829000,SAR,2,88.694,12.0,1.0,,,28.212,31.278,29.204,0 days 01:38:59.351000,0 days 01:39:30.629000,0 days 01:39:59.833000,322.0,329.0,309.0,335.0,False,MEDIUM,15.0,False,Williams,0 days 01:38:31.135000,2023-09-03 13:39:32.180,1,13.0,False,,False,True
0 days 01:41:27.628000,SAR,2,87.799,13.0,1.0,,,28.374,30.365,29.06,0 days 01:40:28.207000,0 days 01:40:58.572000,0 days 01:41:27.632000,320.0,329.0,310.0,335.0,False,MEDIUM,16.0,False,Williams,0 days 01:39:59.829000,2023-09-03 13:41:00.874,1,12.0,False,,False,True
0 days 01:46:14.931000,SAR,2,86.84,16.0,2.0,,,28.303,29.751,28.786,0 days 01:45:16.398000,0 days 01:45:46.149000,0 days 01:46:14.935000,317.0,313.0,310.0,318.0,True,HARD,5.0,False,Williams,0 days 01:44:48.091000,2023-09-03 13:45:49.136,1,16.0,False,,False,True
0 days 01:47:41.931000,SAR,2,87.0,17.0,2.0,,,28.198,29.88,28.922,0 days 01:46:43.133000,0 days 01:47:13.013000,0 days 01:47:41.935000,316.0,314.0,309.0,322.0,False,HARD,6.0,False,Williams,0 days 01:46:14.931000,2023-09-03 13:47:15.976,1,16.0,False,,False,True
0 days 01:49:08.837000,SAR,2,86.906,18.0,2.0,,,28.16,29.981,28.765,0 days 01:48:10.095000,0 days 01:48:40.076000,0 days 01:49:08.841000,318.0,313.0,309.0,321.0,False,HARD,7.0,False,Williams,0 days 01:47:41.931000,2023-09-03 13:48:42.976,1,16.0,False,,False,True
0 days 01:50:36.002000,SAR,2,87.165,19.0,2.0,,,28.315,29.982,28.868,0 days 01:49:37.156000,0 days 01:50:07.138000,0 days 01:50:36.006000,315.0,314.0,309.0,321.0,False,HARD,8.0,False,Williams,0 days 01:49:08.837000,2023-09-03 13:50:09.882,1,16.0,False,,False,True
0 days 01:52:03.282000,SAR,2,87.28,20.0,2.0,,,28.361,30.032,28.887,0 days 01:51:04.367000,0 days 01:51:34.399000,0 days 01:52:03.286000,319.0,317.0,310.0,323.0,False,HARD,9.0,False,Williams,0 days 01:50:36.002000,2023-09-03 13:51:37.047,1,16.0,False,,False,True
0 days 01:53:30.645000,SAR,2,87.363,21.0,2.0,,,28.375,29.999,28.989,0 days 01:52:31.661000,0 days 01:53:01.660000,0 days 01:53:30.649000,317.0,315.0,309.0,325.0,False,HARD,10.0,False,Williams,0 days 01:52:03.282000,2023-09-03 13:53:04.327,1,15.0,False,,False,True
0 days 01:54:58.110000,SAR,2,87.465,22.0,2.0,,,28.445,30.055,28.965,0 days 01:53:59.094000,0 days 01:54:29.149000,0 days 01:54:58.114000,316.0,315.0,309.0,317.0,False,HARD,11.0,False,Williams,0 days 01:53:30.645000,2023-09-03 13:54:31.690,1,15.0,False,,False,True
0 days 01:56:25.259000,SAR,2,87.149,23.0,2.0,,,28.327,29.9,28.922,0 days 01:55:26.441000,0 days 01:55:56.341000,0 days 01:56:25.263000,316.0,315.0,310.0,322.0,False,HARD,12.0,False,Williams,0 days 01:54:58.110000,2023-09-03 13:55:59.155,1,15.0,False,,False,True
0 days 01:57:52.363000,SAR,2,87.104,24.0,2.0,,,28.242,29.963,28.899,0 days 01:56:53.505000,0 days 01:57:23.468000,0 days 01:57:52.367000,317.0,317.0,311.0,324.0,False,HARD,13.0,False,Williams,0 days 01:56:25.259000,2023-09-03 13:57:26.304,1,15.0,False,,False,True
0 days 01:59:19.528000,SAR,2,87.165,25.0,2.0,,,28.187,30.065,28.913,0 days 01:58:20.554000,0 days 01:58:50.619000,0 days 01:59:19.532000,315.0,314.0,309.0,324.0,False,HARD,14.0,False,Williams,0 days 01:57:52.363000,2023-09-03 13:58:53.408,1,14.0,False,,False,True
0 days 02:00:46.549000,SAR,2,87.021,26.0,2.0,,,28.298,29.83,28.893,0 days 01:59:47.830000,0 days 02:00:17.660000,0 days 02:00:46.553000,320.0,318.0,309.0,326.0,False,HARD,15.0,False,Williams,0 days 01:59:19.528000,2023-09-03 14:00:20.573,1,13.0,False,,False,True
0 days 02:02:13.802000,SAR,2,87.253,27.0,2.0,,,28.261,30.079,28.913,0 days 02:01:14.814000,0 days 02:01:44.893000,0 days 02:02:13.806000,315.0,316.0,309.0,324.0,False,HARD,16.0,False,Williams,0 days 02:00:46.549000,2023-09-03 14:01:47.594,1,13.0,False,,False,True
0 days 02:03:41.348000,SAR,2,87.546,28.0,2.0,,,28.373,30.188,28.985,0 days 02:02:42.179000,0 days 02:03:12.367000,0 days 02:03:41.352000,317.0,316.0,310.0,324.0,False,HARD,17.0,False,Williams,0 days 02:02:13.802000,2023-09-03 14:03:14.847,1,13.0,False,,False,True
0 days 02:05:08.893000,SAR,2,87.545,29.0,2.0,,,28.388,30.221,28.936,0 days 02:04:09.740000,0 days 02:04:39.961000,0 days 02:05:08.897000,321.0,316.0,309.0,327.0,False,HARD,18.0,False,Williams,0 days 02:03:41.348000,2023-09-03 14:04:42.393,1,13.0,False,,False,True
0 days 02:06:36.014000,SAR,2,87.121,30.0,2.0,,,28.336,30.021,28.764,0 days 02:05:37.233000,0 days 02:06:07.254000,0 days 02:06:36.018000,318.0,315.0,310.0,321.0,False,HARD,19.0,False,Williams,0 days 02:05:08.893000,2023-09-03 14:06:09.938,1,13.0,False,,False,True
0 days 02:08:03.475000,SAR,2,87.461,31.0,2.0,,,28.284,30.277,28.9,0 days 02:07:04.302000,0 days 02:07:34.579000,0 days 02:08:03.479000,317.0,315.0,310.0,326.0,False,HARD,20.0,False,Williams,0 days 02:06:36.014000,2023-09-03 14:07:37.059,1,13.0,False,,False,True
0 days 02:09:30.997000,SAR,2,87.522,32.0,2.0,,,28.261,30.315,28.946,0 days 02:08:31.740000,0 days 02:09:02.055000,0 days 02:09:31.001000,320.0,315.0,311.0,323.0,False,HARD,21.0,False,Williams,0 days 02:08:03.475000,2023-09-03 14:09:04.520,1,13.0,False,,False,True
0 days 02:10:58.290000,SAR,2,87.293,33.0,2.0,,,28.247,30.149,28.897,0 days 02:09:59.248000,0 days 02:10:29.397000,0 days 02:10:58.294000,318.0,329.0,310.0,321.0,False,HARD,22.0,False,Williams,0 days 02:09:30.997000,2023-09-03 14:10:32.042,1,11.0,False,,False,True
0 days 02:12:25.509000,SAR,2,87.219,34.0,2.0,,,28.213,30.129,28.877,0 days 02:11:26.507000,0 days 02:11:56.636000,0 days 02:12:25.513000,313.0,312.0,309.0,329.0,False,HARD,23.0,False,Williams,0 days 02:10:58.290000,2023-09-03 14:11:59.335,1,11.0,False,,False,True
0 days 02:13:52.742000,SAR,2,87.233,35.0,2.0,,,28.272,30.197,28.764,0 days 02:12:53.785000,0 days 02:13:23.982000,0 days 02:13:52.746000,316.0,312.0,309.0,327.0,False,HARD,24.0,False,Williams,0 days 02:12:25.509000,2023-09-03 14:13:26.554,1,11.0,False,,False,True
0 days 02:15:19.884000,SAR,2,87.142,36.0,2.0,,,28.312,30.153,28.677,0 days 02:14:21.058000,0 days 02:14:51.211000,0 days 02:15:19.888000,316.0,312.0,309.0,321.0,False,HARD,25.0,False,Williams,0 days 02:13:52.742000,2023-09-03 14:14:53.787,1,11.0,False,,False,True
0 days 02:16:47.176000,SAR,2,87.292,37.0,2.0,,,28.557,30.104,28.631,0 days 02:15:48.445000,0 days 02:16:18.549000,0 days 02:16:47.180000,317.0,312.0,310.0,324.0,False,HARD,26.0,False,Williams,0 days 02:15:19.884000,2023-09-03 14:16:20.929,1,11.0,False,,False,True
0 days 02:18:14.279000,SAR,2,87.103,38.0,2.0,,,28.403,30.155,28.545,0 days 02:17:15.583000,0 days 02:17:45.738000,0 days 02:18:14.283000,316.0,312.0,309.0,320.0,False,HARD,27.0,False,Williams,0 days 02:16:47.176000,2023-09-03 14:17:48.221,1,11.0,False,,False,True
0 days 02:19:41.416000,SAR,2,87.137,39.0,2.0,,,28.367,30.179,28.591,0 days 02:18:42.650000,0 days 02:19:12.829000,0 days 02:19:41.420000,317.0,313.0,309.0,324.0,False,HARD,28.0,False,Williams,0 days 02:18:14.279000,2023-09-03 14:19:15.324,1,11.0,False,,False,True
0 days 02:21:09.056000,SAR,2,87.64,40.0,2.0,,,28.48,30.485,28.675,0 days 02:20:09.900000,0 days 02:20:40.385000,0 days 02:21:09.060000,321.0,310.0,308.0,333.0,False,HARD,29.0,False,Williams,0 days 02:19:41.416000,2023-09-03 14:20:42.461,1,11.0,False,,False,True
0 days 02:22:36.236000,SAR,2,87.18,41.0,2.0,,,28.346,30.289,28.545,0 days 02:21:37.406000,0 days 02:22:07.695000,0 days 02:22:36.240000,315.0,312.0,308.0,319.0,False,HARD,30.0,False,Williams,0 days 02:21:09.056000,2023-09-03 14:22:10.101,1,11.0,False,,False,True
0 days 02:24:03.412000,SAR,2,87.176,42.0,2.0,,,28.509,30.206,28.461,0 days 02:23:04.749000,0 days 02:23:34.955000,0 days 02:24:03.416000,322.0,313.0,309.0,324.0,False,HARD,31.0,False,Williams,0 days 02:22:36.236000,2023-09-03 14:23:37.281,1,10.0,False,,False,True
0 days 02:27:00.483000,SAR,2,87.686,44.0,2.0,,,28.59,30.403,28.693,0 days 02:26:01.391000,0 days 02:26:31.794000,0 days 02:27:00.487000,316.0,312.0,310.0,320.0,False,HARD,33.0,False,Williams,0 days 02:25:32.797000,2023-09-03 14:26:33.842,1,11.0,False,,False,True
0 days 02:28:27.985000,SAR,2,87.502,45.0,2.0,,,28.487,30.348,28.667,0 days 02:27:28.974000,0 days 02:27:59.322000,0 days 02:28:27.989000,318.0,314.0,310.0,326.0,False,HARD,34.0,False,Williams,0 days 02:27:00.483000,2023-09-03 14:28:01.528,1,11.0,False,,False,True
0 days 02:29:55.694000,SAR,2,87.709,46.0,2.0,,,28.456,30.541,28.712,0 days 02:28:56.445000,0 days 02:29:26.986000,0 days 02:29:55.698000,318.0,313.0,310.0,321.0,False,HARD,35.0,False,Williams,0 days 02:28:27.985000,2023-09-03 14:29:29.030,1,11.0,False,,False,True
0 days 02:31:23.316000,SAR,2,87.622,47.0,2.0,,,28.463,30.392,28.767,0 days 02:30:24.161000,0 days 02:30:54.553000,0 days 02:31:23.320000,320.0,315.0,310.0,323.0,False,HARD,36.0,False,Williams,0 days 02:29:55.694000,2023-09-03 14:30:56.739,1,11.0,False,,False,True
0 days 02:32:50.756000,SAR,2,87.44,48.0,2.0,,,28.202,30.516,28.722,0 days 02:31:51.522000,0 days 02:32:22.038000,0 days 02:32:50.760000,318.0,313.0,311.0,323.0,False,HARD,37.0,False,Williams,0 days 02:31:23.316000,2023-09-03 14:32:24.361,1,11.0,False,,False,True
0 days 02:34:18.498000,SAR,2,87.742,49.0,2.0,,,28.431,30.625,28.686,0 days 02:33:19.191000,0 days 02:33:49.816000,0 days 02:34:18.502000,319.0,314.0,310.0,320.0,False,HARD,38.0,False,Williams,0 days 02:32:50.756000,2023-09-03 14:33:51.801,1,11.0,False,,False,True
0 days 02:35:48.124000,SAR,2,89.626,50.0,2.0,,,28.572,31.644,29.41,0 days 02:34:47.074000,0 days 02:35:18.718000,0 days 02:35:48.128000,321.0,316.0,311.0,335.0,False,HARD,39.0,False,Williams,0 days 02:34:18.498000,2023-09-03 14:35:19.543,1,13.0,False,,False,True
0 days 01:25:27.264000,MAG,20,88.923,2.0,1.0,,,28.604,30.826,29.493,0 days 01:24:26.984000,0 days 01:24:57.810000,0 days 01:25:27.303000,315.0,313.0,306.0,315.0,True,HARD,6.0,False,Haas F1 Team,0 days 01:23:58.341000,2023-09-03 13:24:59.386,1,18.0,False,,False,True
0 days 01:26:55.802000,MAG,20,88.538,3.0,1.0,,,28.77,30.58,29.188,0 days 01:25:56.073000,0 days 01:26:26.653000,0 days 01:26:55.841000,309.0,315.0,305.0,312.0,True,HARD,7.0,False,Haas F1 Team,0 days 01:25:27.264000,2023-09-03 13:26:28.309,1,18.0,False,,False,True
0 days 01:28:25.054000,MAG,20,89.252,4.0,1.0,,,29.2,30.783,29.269,0 days 01:27:25.041000,0 days 01:27:55.824000,0 days 01:28:25.093000,310.0,315.0,307.0,320.0,False,HARD,8.0,False,Haas F1 Team,0 days 01:26:55.802000,2023-09-03 13:27:56.847,1,19.0,False,,False,True
0 days 01:29:53.330000,MAG,20,88.276,5.0,1.0,,,28.669,30.299,29.308,0 days 01:28:53.762000,0 days 01:29:24.061000,0 days 01:29:53.369000,307.0,313.0,305.0,316.0,True,HARD,9.0,False,Haas F1 Team,0 days 01:28:25.054000,2023-09-03 13:29:26.099,1,19.0,False,,False,True
0 days 01:31:21.279000,MAG,20,87.949,6.0,1.0,,,28.51,30.238,29.201,0 days 01:30:21.879000,0 days 01:30:52.117000,0 days 01:31:21.318000,310.0,314.0,305.0,318.0,True,HARD,10.0,False,Haas F1 Team,0 days 01:29:53.330000,2023-09-03 13:30:54.375,1,19.0,False,,False,True
0 days 01:32:48.970000,MAG,20,87.691,7.0,1.0,,,28.537,30.0,29.154,0 days 01:31:49.855000,0 days 01:32:19.855000,0 days 01:32:49.009000,309.0,313.0,305.0,316.0,True,HARD,11.0,False,Haas F1 Team,0 days 01:31:21.279000,2023-09-03 13:32:22.324,1,19.0,False,,False,True
0 days 01:34:16.905000,MAG,20,87.935,8.0,1.0,,,28.448,30.059,29.428,0 days 01:33:17.457000,0 days 01:33:47.516000,0 days 01:34:16.944000,309.0,311.0,303.0,316.0,False,HARD,12.0,False,Haas F1 Team,0 days 01:32:48.970000,2023-09-03 13:33:50.015,1,19.0,False,,False,True
0 days 01:35:45.123000,MAG,20,88.218,9.0,1.0,,,28.659,30.166,29.393,0 days 01:34:45.603000,0 days 01:35:15.769000,0 days 01:35:45.162000,308.0,311.0,303.0,312.0,False,HARD,13.0,False,Haas F1 Team,0 days 01:34:16.905000,2023-09-03 13:35:17.950,1,19.0,False,,False,True
0 days 01:37:13.634000,MAG,20,88.511,10.0,1.0,,,28.608,30.291,29.612,0 days 01:36:13.770000,0 days 01:36:44.061000,0 days 01:37:13.673000,308.0,311.0,302.0,313.0,False,HARD,14.0,False,Haas F1 Team,0 days 01:35:45.123000,2023-09-03 13:36:46.168,1,19.0,False,,False,True
0 days 01:38:42.426000,MAG,20,88.792,11.0,1.0,,,28.764,30.474,29.554,0 days 01:37:42.437000,0 days 01:38:12.911000,0 days 01:38:42.465000,307.0,309.0,302.0,312.0,False,HARD,15.0,False,Haas F1 Team,0 days 01:37:13.634000,2023-09-03 13:38:14.679,1,18.0,False,,False,True
0 days 01:43:32.203000,MAG,20,88.08,14.0,2.0,,,28.551,30.069,29.46,0 days 01:42:32.713000,0 days 01:43:02.782000,0 days 01:43:32.242000,306.0,304.0,301.0,307.0,False,MEDIUM,2.0,True,Haas F1 Team,0 days 01:42:04.123000,2023-09-03 13:43:05.168,1,19.0,False,,False,True
0 days 01:45:00.051000,MAG,20,87.848,15.0,2.0,,,28.526,30.121,29.201,0 days 01:44:00.768000,0 days 01:44:30.889000,0 days 01:45:00.090000,308.0,307.0,303.0,308.0,False,MEDIUM,3.0,True,Haas F1 Team,0 days 01:43:32.203000,2023-09-03 13:44:33.248,1,19.0,False,,False,True
0 days 01:46:27.700000,MAG,20,87.649,16.0,2.0,,,28.491,29.955,29.203,0 days 01:45:28.581000,0 days 01:45:58.536000,0 days 01:46:27.739000,307.0,306.0,304.0,309.0,True,MEDIUM,4.0,True,Haas F1 Team,0 days 01:45:00.051000,2023-09-03 13:46:01.096,1,19.0,False,,False,True
0 days 01:47:55.289000,MAG,20,87.589,17.0,2.0,,,28.591,29.881,29.117,0 days 01:46:56.330000,0 days 01:47:26.211000,0 days 01:47:55.328000,308.0,305.0,303.0,309.0,True,MEDIUM,5.0,True,Haas F1 Team,0 days 01:46:27.700000,2023-09-03 13:47:28.745,1,19.0,False,,False,True
0 days 01:49:23.187000,MAG,20,87.898,18.0,2.0,,,28.639,30.033,29.226,0 days 01:48:23.967000,0 days 01:48:54,0 days 01:49:23.226000,306.0,304.0,303.0,307.0,False,MEDIUM,6.0,True,Haas F1 Team,0 days 01:47:55.289000,2023-09-03 13:48:56.334,1,19.0,False,,False,True
0 days 01:50:50.346000,MAG,20,87.159,19.0,2.0,,,28.481,29.765,28.913,0 days 01:49:51.707000,0 days 01:50:21.472000,0 days 01:50:50.385000,306.0,307.0,304.0,309.0,True,MEDIUM,7.0,True,Haas F1 Team,0 days 01:49:23.187000,2023-09-03 13:50:24.232,1,19.0,False,,False,True
0 days 01:52:17.357000,MAG,20,87.011,20.0,2.0,,,28.444,29.712,28.855,0 days 01:51:18.829000,0 days 01:51:48.541000,0 days 01:52:17.396000,308.0,309.0,305.0,311.0,True,MEDIUM,8.0,True,Haas F1 Team,0 days 01:50:50.346000,2023-09-03 13:51:51.391,1,19.0,False,,False,True
0 days 01:53:44.485000,MAG,20,87.128,21.0,2.0,,,28.511,29.794,28.823,0 days 01:52:45.907000,0 days 01:53:15.701000,0 days 01:53:44.524000,309.0,310.0,306.0,308.0,False,MEDIUM,9.0,True,Haas F1 Team,0 days 01:52:17.357000,2023-09-03 13:53:18.402,1,19.0,False,,False,True
0 days 01:55:11.729000,MAG,20,87.244,22.0,2.0,,,28.549,29.853,28.842,0 days 01:54:13.073000,0 days 01:54:42.926000,0 days 01:55:11.768000,309.0,308.0,306.0,308.0,False,MEDIUM,10.0,True,Haas F1 Team,0 days 01:53:44.485000,2023-09-03 13:54:45.530,1,19.0,False,,False,True
0 days 01:56:39.221000,MAG,20,87.492,23.0,2.0,,,28.449,29.994,29.049,0 days 01:55:40.217000,0 days 01:56:10.211000,0 days 01:56:39.260000,308.0,309.0,305.0,313.0,False,MEDIUM,11.0,True,Haas F1 Team,0 days 01:55:11.729000,2023-09-03 13:56:12.774,1,19.0,False,,False,True
0 days 01:58:06.757000,MAG,20,87.536,24.0,2.0,,,28.445,30.082,29.009,0 days 01:57:07.705000,0 days 01:57:37.787000,0 days 01:58:06.796000,308.0,310.0,307.0,314.0,False,MEDIUM,12.0,True,Haas F1 Team,0 days 01:56:39.221000,2023-09-03 13:57:40.266,1,19.0,False,,False,True
0 days 01:59:34.259000,MAG,20,87.502,25.0,2.0,,,28.508,29.965,29.029,0 days 01:58:35.304000,0 days 01:59:05.269000,0 days 01:59:34.298000,307.0,309.0,305.0,313.0,False,MEDIUM,13.0,True,Haas F1 Team,0 days 01:58:06.757000,2023-09-03 13:59:07.802,1,18.0,False,,False,True
0 days 02:01:01.677000,MAG,20,87.418,26.0,2.0,,,28.528,29.9,28.99,0 days 02:00:02.826000,0 days 02:00:32.726000,0 days 02:01:01.716000,307.0,310.0,305.0,312.0,False,MEDIUM,14.0,True,Haas F1 Team,0 days 01:59:34.259000,2023-09-03 14:00:35.304,1,18.0,False,,False,True
0 days 02:02:28.897000,MAG,20,87.22,27.0,2.0,,,28.433,29.916,28.871,0 days 02:01:30.149000,0 days 02:02:00.065000,0 days 02:02:28.936000,309.0,311.0,305.0,313.0,False,MEDIUM,15.0,True,Haas F1 Team,0 days 02:01:01.677000,2023-09-03 14:02:02.722,1,18.0,False,,False,True
0 days 02:03:56.051000,MAG,20,87.154,28.0,2.0,,,28.416,29.896,28.842,0 days 02:02:57.352000,0 days 02:03:27.248000,0 days 02:03:56.090000,310.0,310.0,305.0,313.0,False,MEDIUM,16.0,True,Haas F1 Team,0 days 02:02:28.897000,2023-09-03 14:03:29.942,1,18.0,False,,False,True
0 days 02:05:23.395000,MAG,20,87.344,29.0,2.0,,,28.451,30.035,28.858,0 days 02:04:24.541000,0 days 02:04:54.576000,0 days 02:05:23.434000,310.0,309.0,303.0,312.0,False,MEDIUM,17.0,True,Haas F1 Team,0 days 02:03:56.051000,2023-09-03 14:04:57.096,1,18.0,False,,False,True
0 days 02:06:50.779000,MAG,20,87.384,30.0,2.0,,,28.644,29.98,28.76,0 days 02:05:52.078000,0 days 02:06:22.058000,0 days 02:06:50.818000,309.0,309.0,305.0,311.0,False,MEDIUM,18.0,True,Haas F1 Team,0 days 02:05:23.395000,2023-09-03 14:06:24.440,1,18.0,False,,False,True
0 days 02:08:18.265000,MAG,20,87.486,31.0,2.0,,,28.622,30.072,28.792,0 days 02:07:19.440000,0 days 02:07:49.512000,0 days 02:08:18.304000,309.0,309.0,305.0,313.0,False,MEDIUM,19.0,True,Haas F1 Team,0 days 02:06:50.779000,2023-09-03 14:07:51.824,1,18.0,False,,False,True
0 days 02:09:45.821000,MAG,20,87.556,32.0,2.0,,,28.572,30.012,28.972,0 days 02:08:46.876000,0 days 02:09:16.888000,0 days 02:09:45.860000,309.0,307.0,305.0,312.0,False,MEDIUM,20.0,True,Haas F1 Team,0 days 02:08:18.265000,2023-09-03 14:09:19.310,1,17.0,False,,False,True
0 days 02:14:32.612000,MAG,20,86.3,35.0,3.0,,,28.268,29.624,28.408,0 days 02:13:34.619000,0 days 02:14:04.243000,0 days 02:14:32.651000,308.0,308.0,305.0,312.0,True,MEDIUM,2.0,True,Haas F1 Team,0 days 02:13:06.312000,2023-09-03 14:14:07.357,1,19.0,False,,False,True
0 days 02:15:58.997000,MAG,20,86.385,36.0,3.0,,,28.249,29.562,28.574,0 days 02:15:00.900000,0 days 02:15:30.462000,0 days 02:15:59.036000,309.0,306.0,306.0,311.0,False,MEDIUM,3.0,True,Haas F1 Team,0 days 02:14:32.612000,2023-09-03 14:15:33.657,1,19.0,False,,False,True
0 days 02:17:25.451000,MAG,20,86.454,37.0,3.0,,,28.246,29.622,28.586,0 days 02:16:27.282000,0 days 02:16:56.904000,0 days 02:17:25.490000,308.0,307.0,306.0,311.0,False,MEDIUM,4.0,True,Haas F1 Team,0 days 02:15:58.997000,2023-09-03 14:17:00.042,1,19.0,False,,False,True
0 days 02:18:51.845000,MAG,20,86.394,38.0,3.0,,,28.31,29.553,28.531,0 days 02:17:53.800000,0 days 02:18:23.353000,0 days 02:18:51.884000,309.0,308.0,307.0,312.0,False,MEDIUM,5.0,True,Haas F1 Team,0 days 02:17:25.451000,2023-09-03 14:18:26.496,1,19.0,False,,False,True
0 days 02:20:22.188000,MAG,20,90.343,39.0,3.0,,,29.52,32.259,28.564,0 days 02:19:21.404000,0 days 02:19:53.663000,0 days 02:20:22.227000,174.0,327.0,307.0,311.0,False,MEDIUM,6.0,True,Haas F1 Team,0 days 02:18:51.845000,2023-09-03 14:19:52.890,1,19.0,False,,False,True
0 days 02:21:48.884000,MAG,20,86.696,40.0,3.0,,,28.356,29.608,28.732,0 days 02:20:50.583000,0 days 02:21:20.191000,0 days 02:21:48.923000,309.0,315.0,309.0,316.0,False,MEDIUM,7.0,True,Haas F1 Team,0 days 02:20:22.188000,2023-09-03 14:21:23.233,1,18.0,False,,False,True
0 days 02:23:15.212000,MAG,20,86.328,41.0,3.0,,,28.205,29.63,28.493,0 days 02:22:17.128000,0 days 02:22:46.758000,0 days 02:23:15.251000,313.0,319.0,308.0,321.0,False,MEDIUM,8.0,True,Haas F1 Team,0 days 02:21:48.884000,2023-09-03 14:22:49.929,1,18.0,False,,False,True
0 days 02:24:41.490000,MAG,20,86.278,42.0,3.0,,,28.185,29.475,28.618,0 days 02:23:43.436000,0 days 02:24:12.911000,0 days 02:24:41.529000,315.0,332.0,308.0,322.0,True,MEDIUM,9.0,True,Haas F1 Team,0 days 02:23:15.212000,2023-09-03 14:24:16.257,1,18.0,False,,False,True
0 days 02:26:08.001000,MAG,20,86.511,43.0,3.0,,,28.315,29.607,28.589,0 days 02:25:09.844000,0 days 02:25:39.451000,0 days 02:26:08.040000,312.0,330.0,309.0,321.0,False,MEDIUM,10.0,True,Haas F1 Team,0 days 02:24:41.490000,2023-09-03 14:25:42.535,1,18.0,False,,False,True
0 days 02:27:34.515000,MAG,20,86.514,44.0,3.0,,,28.262,29.531,28.721,0 days 02:26:36.302000,0 days 02:27:05.833000,0 days 02:27:34.554000,315.0,330.0,308.0,323.0,False,MEDIUM,11.0,True,Haas F1 Team,0 days 02:26:08.001000,2023-09-03 14:27:09.046,1,18.0,False,,False,True
0 days 02:29:01.302000,MAG,20,86.787,45.0,3.0,,,28.339,29.92,28.528,0 days 02:28:02.893000,0 days 02:28:32.813000,0 days 02:29:01.341000,314.0,319.0,311.0,319.0,False,MEDIUM,12.0,True,Haas F1 Team,0 days 02:27:34.515000,2023-09-03 14:28:35.560,1,18.0,False,,False,True
0 days 02:30:28.285000,MAG,20,86.983,46.0,3.0,,,28.337,29.813,28.833,0 days 02:29:29.678000,0 days 02:29:59.491000,0 days 02:30:28.324000,316.0,327.0,309.0,318.0,False,MEDIUM,13.0,True,Haas F1 Team,0 days 02:29:01.302000,2023-09-03 14:30:02.347,1,18.0,False,,False,True
0 days 02:31:54.945000,MAG,20,86.66,47.0,3.0,,,28.36,29.534,28.766,0 days 02:30:56.684000,0 days 02:31:26.218000,0 days 02:31:54.984000,316.0,333.0,310.0,321.0,False,MEDIUM,14.0,True,Haas F1 Team,0 days 02:30:28.285000,2023-09-03 14:31:29.330,1,18.0,False,,False,True
0 days 02:33:21.684000,MAG,20,86.739,48.0,3.0,,,28.156,29.66,28.923,0 days 02:32:23.140000,0 days 02:32:52.800000,0 days 02:33:21.723000,315.0,334.0,310.0,330.0,False,MEDIUM,15.0,True,Haas F1 Team,0 days 02:31:54.945000,2023-09-03 14:32:55.990,1,18.0,False,,False,True
0 days 02:34:48.738000,MAG,20,87.054,49.0,3.0,,,28.211,29.897,28.946,0 days 02:33:49.934000,0 days 02:34:19.831000,0 days 02:34:48.777000,314.0,329.0,309.0,327.0,False,MEDIUM,16.0,True,Haas F1 Team,0 days 02:33:21.684000,2023-09-03 14:34:22.729,1,18.0,False,,False,True
0 days 02:36:15.642000,MAG,20,86.904,50.0,3.0,,,28.345,29.456,29.103,0 days 02:35:17.122000,0 days 02:35:46.578000,0 days 02:36:15.681000,312.0,330.0,309.0,320.0,False,MEDIUM,17.0,True,Haas F1 Team,0 days 02:34:48.738000,2023-09-03 14:35:49.783,1,18.0,False,,False,True
0 days 01:25:19.727000,ALB,23,87.067,2.0,1.0,,,28.248,30.336,28.483,0 days 01:24:20.921000,0 days 01:24:51.257000,0 days 01:25:19.740000,321.0,311.0,309.0,325.0,True,MEDIUM,5.0,False,Williams,0 days 01:23:52.660000,2023-09-03 13:24:53.705,1,6.0,False,,False,True
0 days 01:26:46.305000,ALB,23,86.578,3.0,1.0,,,28.241,29.807,28.53,0 days 01:25:47.981000,0 days 01:26:17.788000,0 days 01:26:46.318000,309.0,314.0,308.0,320.0,True,MEDIUM,6.0,False,Williams,0 days 01:25:19.727000,2023-09-03 13:26:20.772,1,6.0,False,,False,True
0 days 01:28:12.989000,ALB,23,86.684,4.0,1.0,,,28.184,29.904,28.596,0 days 01:27:14.502000,0 days 01:27:44.406000,0 days 01:28:13.002000,312.0,315.0,309.0,317.0,False,MEDIUM,7.0,False,Williams,0 days 01:26:46.305000,2023-09-03 13:27:47.350,1,6.0,False,,False,True
0 days 01:29:39.857000,ALB,23,86.868,5.0,1.0,,,28.009,29.945,28.914,0 days 01:28:41.011000,0 days 01:29:10.956000,0 days 01:29:39.870000,313.0,315.0,308.0,329.0,False,MEDIUM,8.0,False,Williams,0 days 01:28:12.989000,2023-09-03 13:29:14.034,1,6.0,False,,False,True
0 days 01:31:06.518000,ALB,23,86.661,6.0,1.0,,,28.084,29.831,28.746,0 days 01:30:07.954000,0 days 01:30:37.785000,0 days 01:31:06.531000,315.0,316.0,308.0,326.0,False,MEDIUM,9.0,False,Williams,0 days 01:29:39.857000,2023-09-03 13:30:40.902,1,6.0,False,,False,True
0 days 01:32:33.291000,ALB,23,86.773,7.0,1.0,,,28.14,29.88,28.753,0 days 01:31:34.671000,0 days 01:32:04.551000,0 days 01:32:33.304000,313.0,315.0,309.0,319.0,False,MEDIUM,10.0,False,Williams,0 days 01:31:06.518000,2023-09-03 13:32:07.563,1,6.0,False,,False,True
0 days 01:33:59.967000,ALB,23,86.676,8.0,1.0,,,28.164,29.789,28.723,0 days 01:33:01.468000,0 days 01:33:31.257000,0 days 01:33:59.980000,315.0,315.0,308.0,324.0,False,MEDIUM,11.0,False,Williams,0 days 01:32:33.291000,2023-09-03 13:33:34.336,1,6.0,False,,False,True
0 days 01:35:26.805000,ALB,23,86.838,9.0,1.0,,,28.13,29.905,28.803,0 days 01:34:28.110000,0 days 01:34:58.015000,0 days 01:35:26.818000,313.0,313.0,308.0,322.0,False,MEDIUM,12.0,False,Williams,0 days 01:33:59.967000,2023-09-03 13:35:01.012,1,6.0,False,,False,True
0 days 01:36:54.110000,ALB,23,87.305,10.0,1.0,,,28.217,30.202,28.886,0 days 01:35:55.035000,0 days 01:36:25.237000,0 days 01:36:54.123000,312.0,311.0,308.0,320.0,False,MEDIUM,13.0,False,Williams,0 days 01:35:26.805000,2023-09-03 13:36:27.850,1,6.0,False,,False,True
0 days 01:38:21.499000,ALB,23,87.389,11.0,1.0,,,28.21,30.253,28.926,0 days 01:37:22.333000,0 days 01:37:52.586000,0 days 01:38:21.512000,313.0,312.0,307.0,320.0,False,MEDIUM,14.0,False,Williams,0 days 01:36:54.110000,2023-09-03 13:37:55.155,1,6.0,False,,False,True
0 days 01:39:49.032000,ALB,23,87.533,12.0,1.0,,,28.244,30.301,28.988,0 days 01:38:49.756000,0 days 01:39:20.057000,0 days 01:39:49.045000,314.0,313.0,308.0,324.0,False,MEDIUM,15.0,False,Williams,0 days 01:38:21.499000,2023-09-03 13:39:22.544,1,6.0,False,,False,True
0 days 01:41:16.708000,ALB,23,87.676,13.0,1.0,,,28.382,30.287,29.007,0 days 01:40:17.427000,0 days 01:40:47.714000,0 days 01:41:16.721000,314.0,314.0,308.0,320.0,False,MEDIUM,16.0,False,Williams,0 days 01:39:49.032000,2023-09-03 13:40:50.077,1,6.0,False,,False,True
0 days 01:42:44.431000,ALB,23,87.723,14.0,1.0,,,28.419,30.381,28.923,0 days 01:41:45.140000,0 days 01:42:15.521000,0 days 01:42:44.444000,313.0,311.0,308.0,321.0,False,MEDIUM,17.0,False,Williams,0 days 01:41:16.708000,2023-09-03 13:42:17.753,1,6.0,False,,False,True
0 days 01:47:31.424000,ALB,23,87.087,17.0,2.0,,,28.112,29.907,29.068,0 days 01:46:32.462000,0 days 01:47:02.369000,0 days 01:47:31.437000,314.0,310.0,307.0,317.0,False,HARD,5.0,False,Williams,0 days 01:46:04.337000,2023-09-03 13:47:05.382,1,13.0,False,,False,True
0 days 01:48:58.317000,ALB,23,86.893,18.0,2.0,,,28.215,29.832,28.846,0 days 01:47:59.652000,0 days 01:48:29.484000,0 days 01:48:58.330000,314.0,310.0,308.0,314.0,False,HARD,6.0,False,Williams,0 days 01:47:31.424000,2023-09-03 13:48:32.469,1,13.0,False,,False,True
0 days 01:50:25.625000,ALB,23,87.308,19.0,2.0,,,28.421,30.061,28.826,0 days 01:49:26.751000,0 days 01:49:56.812000,0 days 01:50:25.638000,312.0,311.0,308.0,314.0,False,HARD,7.0,False,Williams,0 days 01:48:58.317000,2023-09-03 13:49:59.362,1,13.0,False,,False,True
0 days 01:51:52.478000,ALB,23,86.853,20.0,2.0,,,28.207,29.964,28.682,0 days 01:50:53.845000,0 days 01:51:23.809000,0 days 01:51:52.491000,315.0,316.0,309.0,322.0,False,HARD,8.0,False,Williams,0 days 01:50:25.625000,2023-09-03 13:51:26.670,1,12.0,False,,False,True
0 days 01:53:19.079000,ALB,23,86.601,21.0,2.0,,,28.063,29.888,28.65,0 days 01:52:20.554000,0 days 01:52:50.442000,0 days 01:53:19.092000,317.0,318.0,310.0,320.0,False,HARD,9.0,False,Williams,0 days 01:51:52.478000,2023-09-03 13:52:53.523,1,12.0,False,,False,True
0 days 01:54:45.912000,ALB,23,86.833,22.0,2.0,,,28.065,30.017,28.751,0 days 01:53:47.157000,0 days 01:54:17.174000,0 days 01:54:45.925000,315.0,315.0,312.0,326.0,False,HARD,10.0,False,Williams,0 days 01:53:19.079000,2023-09-03 13:54:20.124,1,11.0,False,,False,True
0 days 01:56:12.825000,ALB,23,86.913,23.0,2.0,,,28.072,30.021,28.82,0 days 01:55:13.997000,0 days 01:55:44.018000,0 days 01:56:12.838000,316.0,313.0,309.0,334.0,False,HARD,11.0,False,Williams,0 days 01:54:45.912000,2023-09-03 13:55:46.957,1,9.0,False,,False,True
0 days 01:57:39.573000,ALB,23,86.748,24.0,2.0,,,28.141,29.93,28.677,0 days 01:56:40.979000,0 days 01:57:10.909000,0 days 01:57:39.586000,314.0,315.0,309.0,322.0,False,HARD,12.0,False,Williams,0 days 01:56:12.825000,2023-09-03 13:57:13.870,1,8.0,False,,False,True
0 days 01:59:06.471000,ALB,23,86.898,25.0,2.0,,,28.176,29.914,28.808,0 days 01:58:07.762000,0 days 01:58:37.676000,0 days 01:59:06.484000,316.0,315.0,308.0,319.0,False,HARD,13.0,False,Williams,0 days 01:57:39.573000,2023-09-03 13:58:40.618,1,7.0,False,,False,True
0 days 02:00:33.520000,ALB,23,87.049,26.0,2.0,,,28.19,29.944,28.915,0 days 01:59:34.674000,0 days 02:00:04.618000,0 days 02:00:33.533000,313.0,313.0,307.0,322.0,False,HARD,14.0,False,Williams,0 days 01:59:06.471000,2023-09-03 14:00:07.516,1,7.0,False,,False,True
0 days 02:02:00.255000,ALB,23,86.735,27.0,2.0,,,28.082,29.815,28.838,0 days 02:01:01.615000,0 days 02:01:31.430000,0 days 02:02:00.268000,315.0,316.0,307.0,324.0,False,HARD,15.0,False,Williams,0 days 02:00:33.520000,2023-09-03 14:01:34.565,1,7.0,False,,False,True
0 days 02:03:27.279000,ALB,23,87.024,28.0,2.0,,,28.288,29.896,28.84,0 days 02:02:28.556000,0 days 02:02:58.452000,0 days 02:03:27.292000,314.0,313.0,307.0,323.0,False,HARD,16.0,False,Williams,0 days 02:02:00.255000,2023-09-03 14:03:01.300,1,6.0,False,,False,True
0 days 02:04:54.256000,ALB,23,86.977,29.0,2.0,,,28.186,29.957,28.834,0 days 02:03:55.478000,0 days 02:04:25.435000,0 days 02:04:54.269000,317.0,315.0,307.0,318.0,False,HARD,17.0,False,Williams,0 days 02:03:27.279000,2023-09-03 14:04:28.324,1,6.0,False,,False,True
0 days 02:06:21.196000,ALB,23,86.94,30.0,2.0,,,28.382,29.892,28.666,0 days 02:05:22.651000,0 days 02:05:52.543000,0 days 02:06:21.209000,314.0,313.0,308.0,323.0,False,HARD,18.0,False,Williams,0 days 02:04:54.256000,2023-09-03 14:05:55.301,1,6.0,False,,False,True
0 days 02:07:47.931000,ALB,23,86.735,31.0,2.0,,,28.29,29.916,28.529,0 days 02:06:49.499000,0 days 02:07:19.415000,0 days 02:07:47.944000,316.0,313.0,308.0,317.0,False,HARD,19.0,False,Williams,0 days 02:06:21.196000,2023-09-03 14:07:22.241,1,6.0,False,,False,True
0 days 02:09:14.363000,ALB,23,86.432,32.0,2.0,,,28.117,29.915,28.4,0 days 02:08:16.061000,0 days 02:08:45.976000,0 days 02:09:14.376000,314.0,312.0,309.0,324.0,True,HARD,20.0,False,Williams,0 days 02:07:47.931000,2023-09-03 14:08:48.976,1,6.0,False,,False,True
0 days 02:10:40.752000,ALB,23,86.389,33.0,2.0,,,28.232,29.706,28.451,0 days 02:09:42.608000,0 days 02:10:12.314000,0 days 02:10:40.765000,316.0,313.0,310.0,318.0,True,HARD,21.0,False,Williams,0 days 02:09:14.363000,2023-09-03 14:10:15.408,1,6.0,False,,False,True
0 days 02:12:07.331000,ALB,23,86.579,34.0,2.0,,,28.181,29.9,28.498,0 days 02:11:08.946000,0 days 02:11:38.846000,0 days 02:12:07.344000,314.0,312.0,309.0,318.0,False,HARD,22.0,False,Williams,0 days 02:10:40.752000,2023-09-03 14:11:41.797,1,6.0,False,,False,True
0 days 02:13:33.876000,ALB,23,86.545,35.0,2.0,,,28.217,29.901,28.427,0 days 02:12:35.561000,0 days 02:13:05.462000,0 days 02:13:33.889000,316.0,315.0,309.0,318.0,False,HARD,23.0,False,Williams,0 days 02:12:07.331000,2023-09-03 14:13:08.376,1,6.0,False,,False,True
0 days 02:15:00.857000,ALB,23,86.981,36.0,2.0,,,28.478,30.039,28.464,0 days 02:14:02.367000,0 days 02:14:32.406000,0 days 02:15:00.870000,314.0,313.0,308.0,322.0,False,HARD,24.0,False,Williams,0 days 02:13:33.876000,2023-09-03 14:14:34.921,1,6.0,False,,False,True
0 days 02:16:27.688000,ALB,23,86.831,37.0,2.0,,,28.361,29.997,28.473,0 days 02:15:29.231000,0 days 02:15:59.228000,0 days 02:16:27.701000,316.0,313.0,309.0,318.0,False,HARD,25.0,False,Williams,0 days 02:15:00.857000,2023-09-03 14:16:01.902,1,6.0,False,,False,True
0 days 02:17:55.058000,ALB,23,87.37,38.0,2.0,,,28.615,30.113,28.642,0 days 02:16:56.316000,0 days 02:17:26.429000,0 days 02:17:55.071000,314.0,312.0,309.0,331.0,False,HARD,26.0,False,Williams,0 days 02:16:27.688000,2023-09-03 14:17:28.733,1,6.0,False,,False,True
0 days 02:19:21.860000,ALB,23,86.802,39.0,2.0,,,28.267,30.116,28.419,0 days 02:18:23.338000,0 days 02:18:53.454000,0 days 02:19:21.873000,318.0,314.0,309.0,318.0,False,HARD,27.0,False,Williams,0 days 02:17:55.058000,2023-09-03 14:18:56.103,1,6.0,False,,False,True
0 days 02:20:48.432000,ALB,23,86.572,40.0,2.0,,,28.148,30.04,28.384,0 days 02:19:50.021000,0 days 02:20:20.061000,0 days 02:20:48.445000,315.0,312.0,309.0,322.0,False,HARD,28.0,False,Williams,0 days 02:19:21.860000,2023-09-03 14:20:22.905,1,6.0,False,,False,True
0 days 02:22:15.107000,ALB,23,86.675,41.0,2.0,,,28.205,30.008,28.462,0 days 02:21:16.650000,0 days 02:21:46.658000,0 days 02:22:15.120000,316.0,314.0,309.0,317.0,False,HARD,29.0,False,Williams,0 days 02:20:48.432000,2023-09-03 14:21:49.477,1,6.0,False,,False,True
0 days 02:23:41.815000,ALB,23,86.708,42.0,2.0,,,28.164,30.191,28.353,0 days 02:22:43.284000,0 days 02:23:13.475000,0 days 02:23:41.828000,316.0,314.0,309.0,322.0,False,HARD,30.0,False,Williams,0 days 02:22:15.107000,2023-09-03 14:23:16.152,1,6.0,False,,False,True
0 days 02:25:08.728000,ALB,23,86.913,43.0,2.0,,,28.435,30.083,28.395,0 days 02:24:10.263000,0 days 02:24:40.346000,0 days 02:25:08.741000,318.0,314.0,307.0,319.0,False,HARD,31.0,False,Williams,0 days 02:23:41.815000,2023-09-03 14:24:42.860,1,6.0,False,,False,True
0 days 02:26:36.453000,ALB,23,87.725,44.0,2.0,,,28.419,30.879,28.427,0 days 02:25:37.160000,0 days 02:26:08.039000,0 days 02:26:36.466000,320.0,311.0,309.0,333.0,False,HARD,32.0,False,Williams,0 days 02:25:08.728000,2023-09-03 14:26:09.773,1,6.0,False,,False,True
0 days 02:28:03.360000,ALB,23,86.907,45.0,2.0,,,28.291,30.171,28.445,0 days 02:27:04.757000,0 days 02:27:34.928000,0 days 02:28:03.373000,318.0,314.0,309.0,327.0,False,HARD,33.0,False,Williams,0 days 02:26:36.453000,2023-09-03 14:27:37.498,1,6.0,False,,False,True
0 days 02:29:30.612000,ALB,23,87.252,46.0,2.0,,,28.431,30.313,28.508,0 days 02:28:31.804000,0 days 02:29:02.117000,0 days 02:29:30.625000,317.0,315.0,309.0,318.0,False,HARD,34.0,False,Williams,0 days 02:28:03.360000,2023-09-03 14:29:04.405,1,6.0,False,,False,True
0 days 02:30:59.103000,ALB,23,88.491,47.0,2.0,,,28.978,31.009,28.504,0 days 02:29:59.603000,0 days 02:30:30.612000,0 days 02:30:59.116000,321.0,316.0,312.0,319.0,False,HARD,35.0,False,Williams,0 days 02:29:30.612000,2023-09-03 14:30:31.657,1,7.0,False,,False,True
0 days 02:32:25.925000,ALB,23,86.822,48.0,2.0,,,28.118,30.185,28.519,0 days 02:31:27.234000,0 days 02:31:57.419000,0 days 02:32:25.938000,319.0,316.0,311.0,333.0,False,HARD,36.0,False,Williams,0 days 02:30:59.103000,2023-09-03 14:32:00.148,1,7.0,False,,False,True
0 days 02:33:53.494000,ALB,23,87.569,49.0,2.0,,,28.348,30.647,28.574,0 days 02:32:54.286000,0 days 02:33:24.933000,0 days 02:33:53.507000,321.0,317.0,311.0,330.0,False,HARD,37.0,False,Williams,0 days 02:32:25.925000,2023-09-03 14:33:26.970,1,7.0,False,,False,True
0 days 02:35:20.691000,ALB,23,87.197,50.0,2.0,,,28.281,30.432,28.484,0 days 02:34:21.788000,0 days 02:34:52.220000,0 days 02:35:20.704000,316.0,313.0,311.0,320.0,False,HARD,38.0,False,Williams,0 days 02:33:53.494000,2023-09-03 14:34:54.539,1,7.0,False,,False,True
0 days 02:36:48.124000,ALB,23,87.433,51.0,2.0,,,28.523,30.28,28.63,0 days 02:35:49.227000,0 days 02:36:19.507000,0 days 02:36:48.137000,318.0,315.0,311.0,321.0,False,HARD,39.0,False,Williams,0 days 02:35:20.691000,2023-09-03 14:36:21.736,1,7.0,False,,False,True
0 days 01:25:25.236000,ZHO,24,88.167,2.0,1.0,,,28.482,30.515,29.17,0 days 01:24:25.557000,0 days 01:24:56.072000,0 days 01:25:25.242000,313.0,314.0,310.0,327.0,True,MEDIUM,2.0,True,Alfa Romeo,0 days 01:23:57.069000,2023-09-03 13:24:58.114,1,15.0,False,,False,True
0 days 01:26:53.107000,ZHO,24,87.871,3.0,1.0,,,28.482,30.136,29.253,,0 days 01:26:23.860000,0 days 01:26:53.113000,311.0,334.0,311.0,317.0,True,MEDIUM,3.0,True,Alfa Romeo,0 days 01:25:25.236000,2023-09-03 13:26:26.281,1,15.0,False,,False,True
0 days 01:28:20.722000,ZHO,24,87.615,4.0,1.0,,,28.252,30.256,29.107,0 days 01:27:21.365000,0 days 01:27:51.621000,0 days 01:28:20.728000,311.0,330.0,310.0,333.0,True,MEDIUM,4.0,True,Alfa Romeo,0 days 01:26:53.107000,2023-09-03 13:27:54.152,1,15.0,False,,False,True
0 days 01:29:48.257000,ZHO,24,87.535,5.0,1.0,,,28.265,30.158,29.112,0 days 01:28:48.993000,0 days 01:29:19.151000,0 days 01:29:48.263000,307.0,327.0,308.0,330.0,True,MEDIUM,5.0,True,Alfa Romeo,0 days 01:28:20.722000,2023-09-03 13:29:21.767,1,15.0,False,,False,True
0 days 01:31:15.323000,ZHO,24,87.066,6.0,1.0,,,28.146,29.921,28.999,0 days 01:30:16.409000,0 days 01:30:46.330000,0 days 01:31:15.329000,310.0,328.0,310.0,327.0,True,MEDIUM,6.0,True,Alfa Romeo,0 days 01:29:48.257000,2023-09-03 13:30:49.302,1,15.0,False,,False,True
0 days 01:32:42.508000,ZHO,24,87.185,7.0,1.0,,,28.067,30.07,29.048,0 days 01:31:43.396000,0 days 01:32:13.466000,0 days 01:32:42.514000,314.0,332.0,311.0,332.0,False,MEDIUM,7.0,True,Alfa Romeo,0 days 01:31:15.323000,2023-09-03 13:32:16.368,1,15.0,False,,False,True
0 days 01:34:09.761000,ZHO,24,87.253,8.0,1.0,,,27.989,30.129,29.135,0 days 01:33:10.503000,0 days 01:33:40.632000,0 days 01:34:09.767000,316.0,331.0,310.0,338.0,False,MEDIUM,8.0,True,Alfa Romeo,0 days 01:32:42.508000,2023-09-03 13:33:43.553,1,15.0,False,,False,True
0 days 01:35:37.177000,ZHO,24,87.416,9.0,1.0,,,28.063,30.105,29.248,0 days 01:34:37.830000,0 days 01:35:07.935000,0 days 01:35:37.183000,315.0,331.0,308.0,336.0,False,MEDIUM,9.0,True,Alfa Romeo,0 days 01:34:09.761000,2023-09-03 13:35:10.806,1,15.0,False,,False,True
0 days 01:37:04.721000,ZHO,24,87.544,10.0,1.0,,,28.204,30.149,29.191,0 days 01:36:05.387000,0 days 01:36:35.536000,0 days 01:37:04.727000,315.0,332.0,311.0,334.0,False,MEDIUM,10.0,True,Alfa Romeo,0 days 01:35:37.177000,2023-09-03 13:36:38.222,1,15.0,False,,False,True
0 days 01:41:50.398000,ZHO,24,86.253,13.0,2.0,,,28.148,29.593,28.512,0 days 01:40:52.299000,0 days 01:41:21.892000,0 days 01:41:50.404000,309.0,310.0,307.0,313.0,True,HARD,5.0,False,Alfa Romeo,0 days 01:40:24.145000,2023-09-03 13:41:25.190,1,17.0,False,,False,True
0 days 01:43:18.173000,ZHO,24,87.775,14.0,2.0,,,28.46,30.365,28.95,0 days 01:42:18.864000,0 days 01:42:49.229000,0 days 01:43:18.179000,311.0,321.0,308.0,310.0,False,HARD,6.0,False,Alfa Romeo,0 days 01:41:50.398000,2023-09-03 13:42:51.443,1,17.0,False,,False,True
0 days 01:44:45.818000,ZHO,24,87.645,15.0,2.0,,,28.406,30.302,28.937,0 days 01:43:46.585000,0 days 01:44:16.887000,0 days 01:44:45.824000,308.0,309.0,308.0,327.0,False,HARD,7.0,False,Alfa Romeo,0 days 01:43:18.173000,2023-09-03 13:44:19.218,1,15.0,False,,False,True
0 days 01:46:12.971000,ZHO,24,87.153,16.0,2.0,,,28.446,30.051,28.656,0 days 01:45:14.270000,0 days 01:45:44.321000,0 days 01:46:12.977000,310.0,309.0,311.0,310.0,False,HARD,8.0,False,Alfa Romeo,0 days 01:44:45.818000,2023-09-03 13:45:46.863,1,15.0,False,,False,True
0 days 01:47:39.837000,ZHO,24,86.866,17.0,2.0,,,28.172,29.873,28.821,0 days 01:46:41.149000,0 days 01:47:11.022000,0 days 01:47:39.843000,313.0,322.0,310.0,322.0,False,HARD,9.0,False,Alfa Romeo,0 days 01:46:12.971000,2023-09-03 13:47:14.016,1,15.0,False,,False,True
0 days 01:49:06.892000,ZHO,24,87.055,18.0,2.0,,,28.16,30.123,28.772,0 days 01:48:08.003000,0 days 01:48:38.126000,0 days 01:49:06.898000,311.0,311.0,310.0,328.0,False,HARD,10.0,False,Alfa Romeo,0 days 01:47:39.837000,2023-09-03 13:48:40.882,1,15.0,False,,False,True
0 days 01:50:34.239000,ZHO,24,87.347,19.0,2.0,,,28.441,30.125,28.781,0 days 01:49:35.339000,0 days 01:50:05.464000,0 days 01:50:34.245000,311.0,312.0,310.0,314.0,False,HARD,11.0,False,Alfa Romeo,0 days 01:49:06.892000,2023-09-03 13:50:07.937,1,15.0,False,,False,True
0 days 01:52:01.314000,ZHO,24,87.075,20.0,2.0,,,28.351,29.988,28.736,0 days 01:51:02.596000,0 days 01:51:32.584000,0 days 01:52:01.320000,312.0,314.0,310.0,317.0,False,HARD,12.0,False,Alfa Romeo,0 days 01:50:34.239000,2023-09-03 13:51:35.284,1,15.0,False,,False,True
0 days 01:53:28.484000,ZHO,24,87.17,21.0,2.0,,,28.288,30.072,28.81,0 days 01:52:29.608000,0 days 01:52:59.680000,0 days 01:53:28.490000,312.0,314.0,310.0,315.0,False,HARD,13.0,False,Alfa Romeo,0 days 01:52:01.314000,2023-09-03 13:53:02.359,1,14.0,False,,False,True
0 days 01:54:55.817000,ZHO,24,87.333,22.0,2.0,,,28.194,30.055,29.084,0 days 01:53:56.684000,0 days 01:54:26.739000,0 days 01:54:55.823000,314.0,331.0,311.0,315.0,False,HARD,14.0,False,Alfa Romeo,0 days 01:53:28.484000,2023-09-03 13:54:29.529,1,14.0,False,,False,True
0 days 01:56:23.102000,ZHO,24,87.285,23.0,2.0,,,28.295,30.1,28.89,0 days 01:55:24.118000,0 days 01:55:54.218000,0 days 01:56:23.108000,315.0,325.0,311.0,323.0,False,HARD,15.0,False,Alfa Romeo,0 days 01:54:55.817000,2023-09-03 13:55:56.862,1,14.0,False,,False,True
0 days 01:57:50.255000,ZHO,24,87.153,24.0,2.0,,,28.236,30.034,28.883,0 days 01:56:51.344000,0 days 01:57:21.378000,0 days 01:57:50.261000,314.0,326.0,312.0,328.0,False,HARD,16.0,False,Alfa Romeo,0 days 01:56:23.102000,2023-09-03 13:57:24.147,1,14.0,False,,False,True
0 days 01:59:17.283000,ZHO,24,87.028,25.0,2.0,,,28.099,29.997,28.932,0 days 01:58:18.360000,0 days 01:58:48.357000,0 days 01:59:17.289000,314.0,326.0,311.0,328.0,False,HARD,17.0,False,Alfa Romeo,0 days 01:57:50.255000,2023-09-03 13:58:51.300,1,13.0,False,,False,True
0 days 02:00:44.447000,ZHO,24,87.164,26.0,2.0,,,28.167,30.017,28.98,0 days 01:59:45.456000,0 days 02:00:15.473000,0 days 02:00:44.453000,315.0,327.0,310.0,325.0,False,HARD,18.0,False,Alfa Romeo,0 days 01:59:17.283000,2023-09-03 14:00:18.328,1,12.0,False,,False,True
0 days 02:02:11.795000,ZHO,24,87.348,27.0,2.0,,,28.22,30.206,28.922,0 days 02:01:12.673000,0 days 02:01:42.879000,0 days 02:02:11.801000,314.0,317.0,309.0,330.0,False,HARD,19.0,False,Alfa Romeo,0 days 02:00:44.447000,2023-09-03 14:01:45.492,1,12.0,False,,False,True
0 days 02:03:39.653000,ZHO,24,87.858,28.0,2.0,,,28.358,30.492,29.008,0 days 02:02:40.159000,0 days 02:03:10.651000,0 days 02:03:39.659000,314.0,315.0,309.0,316.0,False,HARD,20.0,False,Alfa Romeo,0 days 02:02:11.795000,2023-09-03 14:03:12.840,1,12.0,False,,False,True
0 days 02:05:07.009000,ZHO,24,87.356,29.0,2.0,,,28.267,30.155,28.934,0 days 02:04:07.926000,0 days 02:04:38.081000,0 days 02:05:07.015000,314.0,315.0,309.0,316.0,False,HARD,21.0,False,Alfa Romeo,0 days 02:03:39.653000,2023-09-03 14:04:40.698,1,12.0,False,,False,True
0 days 02:06:34.451000,ZHO,24,87.442,30.0,2.0,,,28.302,30.279,28.861,0 days 02:05:35.317000,0 days 02:06:05.596000,0 days 02:06:34.457000,314.0,311.0,310.0,316.0,False,HARD,22.0,False,Alfa Romeo,0 days 02:05:07.009000,2023-09-03 14:06:08.054,1,12.0,False,,False,True
0 days 02:08:02.134000,ZHO,24,87.683,31.0,2.0,,,28.211,30.48,28.992,0 days 02:07:02.668000,0 days 02:07:33.148000,0 days 02:08:02.140000,312.0,312.0,309.0,316.0,False,HARD,23.0,False,Alfa Romeo,0 days 02:06:34.451000,2023-09-03 14:07:35.496,1,12.0,False,,False,True
0 days 02:09:29.954000,ZHO,24,87.82,32.0,2.0,,,28.341,30.496,28.983,0 days 02:08:30.481000,0 days 02:09:00.977000,0 days 02:09:29.960000,313.0,312.0,310.0,317.0,False,HARD,24.0,False,Alfa Romeo,0 days 02:08:02.134000,2023-09-03 14:09:03.179,1,12.0,False,,False,True
0 days 02:14:15.951000,ZHO,24,85.983,35.0,3.0,,,27.928,29.6,28.455,0 days 02:13:17.902000,0 days 02:13:47.502000,0 days 02:14:15.957000,313.0,312.0,309.0,316.0,True,MEDIUM,2.0,True,Alfa Romeo,0 days 02:12:49.968000,2023-09-03 14:13:51.013,1,17.0,False,,False,True
0 days 02:15:42.886000,ZHO,24,86.935,36.0,3.0,,,28.198,30.01,28.727,0 days 02:14:44.155000,0 days 02:15:14.165000,0 days 02:15:42.892000,307.0,308.0,309.0,313.0,False,MEDIUM,3.0,True,Alfa Romeo,0 days 02:14:15.951000,2023-09-03 14:15:16.996,1,17.0,False,,False,True
0 days 02:17:09.586000,ZHO,24,86.7,37.0,3.0,,,28.234,29.862,28.604,0 days 02:16:11.126000,0 days 02:16:40.988000,0 days 02:17:09.592000,308.0,310.0,311.0,313.0,False,MEDIUM,4.0,True,Alfa Romeo,0 days 02:15:42.886000,2023-09-03 14:16:43.931,1,17.0,False,,False,True
0 days 02:18:36.089000,ZHO,24,86.503,38.0,3.0,,,28.223,29.783,28.497,0 days 02:17:37.815000,0 days 02:18:07.598000,0 days 02:18:36.095000,308.0,309.0,311.0,314.0,False,MEDIUM,5.0,True,Alfa Romeo,0 days 02:17:09.586000,2023-09-03 14:18:10.631,1,17.0,False,,False,True
0 days 02:20:02.562000,ZHO,24,86.473,39.0,3.0,,,28.152,29.831,28.49,0 days 02:19:04.247000,0 days 02:19:34.078000,0 days 02:20:02.568000,310.0,312.0,310.0,314.0,False,MEDIUM,6.0,True,Alfa Romeo,0 days 02:18:36.089000,2023-09-03 14:19:37.134,1,16.0,False,,False,True
0 days 02:21:28.968000,ZHO,24,86.406,40.0,3.0,,,28.171,29.731,28.504,0 days 02:20:30.739000,0 days 02:21:00.470000,0 days 02:21:28.974000,309.0,309.0,309.0,313.0,False,MEDIUM,7.0,True,Alfa Romeo,0 days 02:20:02.562000,2023-09-03 14:21:03.607,1,15.0,False,,False,True
0 days 02:22:55.568000,ZHO,24,86.6,41.0,3.0,,,28.255,29.765,28.58,0 days 02:21:57.229000,0 days 02:22:26.994000,0 days 02:22:55.574000,308.0,311.0,309.0,314.0,False,MEDIUM,8.0,True,Alfa Romeo,0 days 02:21:28.968000,2023-09-03 14:22:30.013,1,15.0,False,,False,True
0 days 02:24:22.239000,ZHO,24,86.671,42.0,3.0,,,28.22,29.943,28.508,0 days 02:23:23.794000,0 days 02:23:53.737000,0 days 02:24:22.245000,309.0,312.0,310.0,313.0,False,MEDIUM,9.0,True,Alfa Romeo,0 days 02:22:55.568000,2023-09-03 14:23:56.613,1,15.0,False,,False,True
0 days 02:25:48.527000,ZHO,24,86.288,43.0,3.0,,,28.075,29.782,28.431,0 days 02:24:50.320000,0 days 02:25:20.102000,0 days 02:25:48.533000,309.0,312.0,311.0,316.0,False,MEDIUM,10.0,True,Alfa Romeo,0 days 02:24:22.239000,2023-09-03 14:25:23.284,1,15.0,False,,False,True
0 days 02:27:14.840000,ZHO,24,86.313,44.0,3.0,,,28.194,29.769,28.35,0 days 02:26:16.727000,0 days 02:26:46.496000,0 days 02:27:14.846000,311.0,312.0,311.0,315.0,False,MEDIUM,11.0,True,Alfa Romeo,0 days 02:25:48.527000,2023-09-03 14:26:49.572,1,15.0,False,,False,True
0 days 02:28:41.301000,ZHO,24,86.461,45.0,3.0,,,28.195,29.845,28.421,0 days 02:27:43.041000,0 days 02:28:12.886000,0 days 02:28:41.307000,312.0,313.0,311.0,315.0,False,MEDIUM,12.0,True,Alfa Romeo,0 days 02:27:14.840000,2023-09-03 14:28:15.885,1,15.0,False,,False,True
0 days 02:30:07.435000,ZHO,24,86.134,46.0,3.0,,,28.096,29.697,28.341,0 days 02:29:09.403000,0 days 02:29:39.100000,0 days 02:30:07.441000,313.0,315.0,311.0,315.0,False,MEDIUM,13.0,True,Alfa Romeo,0 days 02:28:41.301000,2023-09-03 14:29:42.346,1,15.0,False,,False,True
0 days 02:31:33.740000,ZHO,24,86.305,47.0,3.0,,,28.082,29.76,28.463,0 days 02:30:35.523000,0 days 02:31:05.283000,0 days 02:31:33.746000,312.0,315.0,312.0,316.0,False,MEDIUM,14.0,True,Alfa Romeo,0 days 02:30:07.435000,2023-09-03 14:31:08.480,1,15.0,False,,False,True
0 days 02:33:00.188000,ZHO,24,86.448,48.0,3.0,,,28.102,29.781,28.565,0 days 02:32:01.848000,0 days 02:32:31.629000,0 days 02:33:00.194000,313.0,315.0,313.0,318.0,False,MEDIUM,15.0,True,Alfa Romeo,0 days 02:31:33.740000,2023-09-03 14:32:34.785,1,15.0,False,,False,True
0 days 02:34:29.013000,ZHO,24,88.825,49.0,3.0,,,27.755,31.747,29.323,0 days 02:33:27.949000,0 days 02:33:59.696000,0 days 02:34:29.019000,322.0,334.0,316.0,332.0,False,MEDIUM,16.0,True,Alfa Romeo,0 days 02:33:00.188000,2023-09-03 14:34:01.233,1,15.0,False,,False,True
0 days 02:35:55.781000,ZHO,24,86.768,50.0,3.0,,,28.313,29.952,28.503,0 days 02:34:57.332000,0 days 02:35:27.284000,0 days 02:35:55.787000,308.0,312.0,310.0,314.0,False,MEDIUM,17.0,True,Alfa Romeo,0 days 02:34:29.013000,2023-09-03 14:35:30.058,1,14.0,False,,False,True
0 days 01:25:22.515000,HUL,27,87.92,2.0,1.0,,,28.659,30.195,29.066,0 days 01:24:23.283000,0 days 01:24:53.478000,0 days 01:25:22.544000,313.0,312.0,306.0,311.0,True,MEDIUM,5.0,False,Haas F1 Team,0 days 01:23:54.595000,2023-09-03 13:24:55.640,1,10.0,False,,False,True
0 days 01:26:49.875000,HUL,27,87.36,3.0,1.0,,,28.522,30.018,28.82,0 days 01:25:51.066000,0 days 01:26:21.084000,0 days 01:26:49.904000,309.0,324.0,306.0,309.0,True,MEDIUM,6.0,False,Haas F1 Team,0 days 01:25:22.515000,2023-09-03 13:26:23.560,1,10.0,False,,False,True
0 days 01:28:17.075000,HUL,27,87.2,4.0,1.0,,,28.353,30.179,28.668,0 days 01:27:18.257000,0 days 01:27:48.436000,0 days 01:28:17.104000,309.0,323.0,308.0,325.0,True,MEDIUM,7.0,False,Haas F1 Team,0 days 01:26:49.875000,2023-09-03 13:27:50.920,1,10.0,False,,False,True
0 days 01:29:44.110000,HUL,27,87.035,5.0,1.0,,,28.304,29.951,28.78,0 days 01:28:45.408000,0 days 01:29:15.359000,0 days 01:29:44.139000,309.0,323.0,307.0,322.0,True,MEDIUM,8.0,False,Haas F1 Team,0 days 01:28:17.075000,2023-09-03 13:29:18.120,1,10.0,False,,False,True
0 days 01:31:11.279000,HUL,27,87.169,6.0,1.0,,,28.369,29.99,28.81,0 days 01:30:12.508000,0 days 01:30:42.498000,0 days 01:31:11.308000,310.0,315.0,305.0,320.0,False,MEDIUM,9.0,False,Haas F1 Team,0 days 01:29:44.110000,2023-09-03 13:30:45.155,1,10.0,False,,False,True
0 days 01:32:38.744000,HUL,27,87.465,7.0,1.0,,,28.474,30.088,28.903,0 days 01:31:39.782000,0 days 01:32:09.870000,0 days 01:32:38.773000,309.0,311.0,305.0,315.0,False,MEDIUM,10.0,False,Haas F1 Team,0 days 01:31:11.279000,2023-09-03 13:32:12.324,1,10.0,False,,False,True
0 days 01:34:06.803000,HUL,27,88.059,8.0,1.0,,,28.665,30.421,28.973,0 days 01:33:07.438000,0 days 01:33:37.859000,0 days 01:34:06.832000,315.0,324.0,306.0,328.0,False,MEDIUM,11.0,False,Haas F1 Team,0 days 01:32:38.744000,2023-09-03 13:33:39.789,1,11.0,False,,False,True
0 days 01:35:34.284000,HUL,27,87.481,9.0,1.0,,,28.412,30.067,29.002,0 days 01:34:35.244000,0 days 01:35:05.311000,0 days 01:35:34.313000,311.0,322.0,305.0,320.0,False,MEDIUM,12.0,False,Haas F1 Team,0 days 01:34:06.803000,2023-09-03 13:35:07.848,1,11.0,False,,False,True
0 days 01:37:01.847000,HUL,27,87.563,10.0,1.0,,,28.453,30.17,28.94,0 days 01:36:02.766000,0 days 01:36:32.936000,0 days 01:37:01.876000,309.0,311.0,306.0,319.0,False,MEDIUM,13.0,False,Haas F1 Team,0 days 01:35:34.284000,2023-09-03 13:36:35.329,1,11.0,False,,False,True
0 days 01:38:29.902000,HUL,27,88.055,11.0,1.0,,,28.668,30.428,28.959,0 days 01:37:30.544000,0 days 01:38:00.972000,0 days 01:38:29.931000,307.0,309.0,305.0,315.0,False,MEDIUM,14.0,False,Haas F1 Team,0 days 01:37:01.847000,2023-09-03 13:38:02.892,1,11.0,False,,False,True
0 days 01:39:58.993000,HUL,27,89.091,12.0,1.0,,,29.194,30.785,29.112,0 days 01:38:59.125000,0 days 01:39:29.910000,0 days 01:39:59.022000,314.0,322.0,306.0,316.0,False,MEDIUM,15.0,False,Haas F1 Team,0 days 01:38:29.902000,2023-09-03 13:39:30.947,1,12.0,False,,False,True
0 days 01:41:27.002000,HUL,27,88.009,13.0,1.0,,,28.418,30.638,28.953,0 days 01:40:27.440000,0 days 01:40:58.078000,0 days 01:41:27.031000,312.0,313.0,304.0,325.0,False,MEDIUM,16.0,False,Haas F1 Team,0 days 01:39:58.993000,2023-09-03 13:41:00.038,1,11.0,False,,False,True
0 days 01:46:16.265000,HUL,27,86.99,16.0,2.0,,,28.381,29.965,28.644,0 days 01:45:17.685000,0 days 01:45:47.650000,0 days 01:46:16.294000,310.0,308.0,307.0,313.0,True,HARD,7.0,False,Haas F1 Team,0 days 01:44:49.275000,2023-09-03 13:45:50.320,1,17.0,False,,False,True
0 days 01:47:43.253000,HUL,27,86.988,17.0,2.0,,,28.315,29.968,28.705,0 days 01:46:44.609000,0 days 01:47:14.577000,0 days 01:47:43.282000,310.0,309.0,306.0,313.0,True,HARD,8.0,False,Haas F1 Team,0 days 01:46:16.265000,2023-09-03 13:47:17.310,1,17.0,False,,False,True
0 days 01:49:10.547000,HUL,27,87.294,18.0,2.0,,,28.432,30.085,28.777,0 days 01:48:11.714000,0 days 01:48:41.799000,0 days 01:49:10.576000,308.0,307.0,306.0,310.0,False,HARD,9.0,False,Haas F1 Team,0 days 01:47:43.253000,2023-09-03 13:48:44.298,1,17.0,False,,False,True
0 days 01:50:37.859000,HUL,27,87.312,19.0,2.0,,,28.491,30.078,28.743,0 days 01:49:39.067000,0 days 01:50:09.145000,0 days 01:50:37.888000,308.0,307.0,306.0,310.0,False,HARD,10.0,False,Haas F1 Team,0 days 01:49:10.547000,2023-09-03 13:50:11.592,1,17.0,False,,False,True
0 days 01:52:04.937000,HUL,27,87.078,20.0,2.0,,,28.437,29.93,28.711,0 days 01:51:06.325000,0 days 01:51:36.255000,0 days 01:52:04.966000,308.0,311.0,306.0,313.0,False,HARD,11.0,False,Haas F1 Team,0 days 01:50:37.859000,2023-09-03 13:51:38.904,1,17.0,False,,False,True
0 days 01:53:32.098000,HUL,27,87.161,21.0,2.0,,,28.445,29.983,28.733,0 days 01:52:33.411000,0 days 01:53:03.394000,0 days 01:53:32.127000,309.0,310.0,307.0,312.0,False,HARD,12.0,False,Haas F1 Team,0 days 01:52:04.937000,2023-09-03 13:53:05.982,1,16.0,False,,False,True
0 days 01:54:59.172000,HUL,27,87.074,22.0,2.0,,,28.383,30.088,28.603,0 days 01:54:00.510000,0 days 01:54:30.598000,0 days 01:54:59.201000,310.0,311.0,308.0,313.0,False,HARD,13.0,False,Haas F1 Team,0 days 01:53:32.098000,2023-09-03 13:54:33.143,1,16.0,False,,False,True
0 days 01:56:26.462000,HUL,27,87.29,23.0,2.0,,,28.497,30.184,28.609,0 days 01:55:27.698000,0 days 01:55:57.882000,0 days 01:56:26.491000,309.0,309.0,308.0,310.0,False,HARD,14.0,False,Haas F1 Team,0 days 01:54:59.172000,2023-09-03 13:56:00.217,1,16.0,False,,False,True
0 days 01:57:53.605000,HUL,27,87.143,24.0,2.0,,,28.32,30.111,28.712,0 days 01:56:54.811000,0 days 01:57:24.922000,0 days 01:57:53.634000,310.0,312.0,308.0,316.0,False,HARD,15.0,False,Haas F1 Team,0 days 01:56:26.462000,2023-09-03 13:57:27.507,1,16.0,False,,False,True
0 days 01:59:20.834000,HUL,27,87.229,25.0,2.0,,,28.362,30.216,28.651,0 days 01:58:21.996000,0 days 01:58:52.212000,0 days 01:59:20.863000,309.0,311.0,306.0,316.0,False,HARD,16.0,False,Haas F1 Team,0 days 01:57:53.605000,2023-09-03 13:58:54.650,1,15.0,False,,False,True
0 days 02:00:48.178000,HUL,27,87.344,26.0,2.0,,,28.518,30.161,28.665,0 days 01:59:49.381000,0 days 02:00:19.542000,0 days 02:00:48.207000,309.0,311.0,306.0,314.0,False,HARD,17.0,False,Haas F1 Team,0 days 01:59:20.834000,2023-09-03 14:00:21.879,1,14.0,False,,False,True
0 days 02:02:15.258000,HUL,27,87.08,27.0,2.0,,,28.425,29.874,28.781,0 days 02:01:16.632000,0 days 02:01:46.506000,0 days 02:02:15.287000,310.0,313.0,306.0,316.0,False,HARD,18.0,False,Haas F1 Team,0 days 02:00:48.178000,2023-09-03 14:01:49.223,1,14.0,False,,False,True
0 days 02:03:42.858000,HUL,27,87.6,28.0,2.0,,,28.478,30.261,28.861,0 days 02:02:43.765000,0 days 02:03:14.026000,0 days 02:03:42.887000,311.0,312.0,307.0,312.0,False,HARD,19.0,False,Haas F1 Team,0 days 02:02:15.258000,2023-09-03 14:03:16.303,1,14.0,False,,False,True
0 days 02:05:10.324000,HUL,27,87.466,29.0,2.0,,,28.456,30.06,28.95,0 days 02:04:11.343000,0 days 02:04:41.403000,0 days 02:05:10.353000,311.0,312.0,306.0,314.0,False,HARD,20.0,False,Haas F1 Team,0 days 02:03:42.858000,2023-09-03 14:04:43.903,1,14.0,False,,False,True
0 days 02:06:38.099000,HUL,27,87.775,30.0,2.0,,,28.736,30.201,28.838,0 days 02:05:39.089000,0 days 02:06:09.290000,0 days 02:06:38.128000,311.0,310.0,306.0,315.0,False,HARD,21.0,False,Haas F1 Team,0 days 02:05:10.324000,2023-09-03 14:06:11.369,1,14.0,False,,False,True
0 days 02:08:05.646000,HUL,27,87.547,31.0,2.0,,,28.462,30.232,28.853,0 days 02:07:06.590000,0 days 02:07:36.822000,0 days 02:08:05.675000,311.0,310.0,306.0,316.0,False,HARD,22.0,False,Haas F1 Team,0 days 02:06:38.099000,2023-09-03 14:07:39.144,1,14.0,False,,False,True
0 days 02:09:33.622000,HUL,27,87.976,32.0,2.0,,,28.523,30.448,29.005,0 days 02:08:34.198000,0 days 02:09:04.646000,0 days 02:09:33.651000,310.0,307.0,306.0,315.0,False,HARD,23.0,False,Haas F1 Team,0 days 02:08:05.646000,2023-09-03 14:09:06.691,1,14.0,False,,False,True
0 days 02:11:02.197000,HUL,27,88.575,33.0,2.0,,,28.554,30.436,29.585,0 days 02:10:02.205000,0 days 02:10:32.641000,0 days 02:11:02.226000,308.0,286.0,308.0,314.0,False,HARD,24.0,False,Haas F1 Team,0 days 02:09:33.622000,2023-09-03 14:10:34.667,1,15.0,False,,False,True
0 days 02:12:30.188000,HUL,27,87.991,34.0,2.0,,,28.409,30.641,28.941,0 days 02:11:30.635000,0 days 02:12:01.276000,0 days 02:12:30.217000,309.0,311.0,307.0,322.0,False,HARD,25.0,False,Haas F1 Team,0 days 02:11:02.197000,2023-09-03 14:12:03.242,1,13.0,False,,False,True
0 days 02:13:58.133000,HUL,27,87.945,35.0,2.0,,,28.476,30.448,29.021,0 days 02:12:58.693000,0 days 02:13:29.141000,0 days 02:13:58.162000,309.0,309.0,306.0,312.0,False,HARD,26.0,False,Haas F1 Team,0 days 02:12:30.188000,2023-09-03 14:13:31.233,1,13.0,False,,False,True
0 days 02:15:26.217000,HUL,27,88.084,36.0,2.0,,,28.527,30.275,29.282,0 days 02:14:26.689000,0 days 02:14:56.964000,0 days 02:15:26.246000,307.0,309.0,304.0,313.0,False,HARD,27.0,False,Haas F1 Team,0 days 02:13:58.133000,2023-09-03 14:14:59.178,1,13.0,False,,False,True
0 days 02:16:54.223000,HUL,27,88.006,37.0,2.0,,,28.515,30.466,29.025,0 days 02:15:54.761000,0 days 02:16:25.227000,0 days 02:16:54.252000,308.0,309.0,305.0,306.0,False,HARD,28.0,False,Haas F1 Team,0 days 02:15:26.217000,2023-09-03 14:16:27.262,1,13.0,False,,False,True
0 days 02:18:23.192000,HUL,27,88.969,38.0,2.0,,,29.096,30.844,29.029,0 days 02:17:23.348000,0 days 02:17:54.192000,0 days 02:18:23.221000,311.0,311.0,308.0,300.0,False,HARD,29.0,False,Haas F1 Team,0 days 02:16:54.223000,2023-09-03 14:17:55.268,1,14.0,False,,False,True
0 days 02:23:08.463000,HUL,27,86.395,41.0,3.0,,,28.215,29.637,28.543,0 days 02:22:10.312000,0 days 02:22:39.949000,0 days 02:23:08.492000,307.0,309.0,305.0,311.0,True,MEDIUM,5.0,False,Haas F1 Team,0 days 02:21:42.068000,2023-09-03 14:22:43.113,1,17.0,False,,False,True
0 days 02:24:34.565000,HUL,27,86.102,42.0,3.0,,,28.299,29.405,28.398,0 days 02:23:36.791000,0 days 02:24:06.196000,0 days 02:24:34.594000,306.0,308.0,305.0,310.0,True,MEDIUM,6.0,False,Haas F1 Team,0 days 02:23:08.463000,2023-09-03 14:24:09.508,1,17.0,False,,False,True
0 days 02:26:00.799000,HUL,27,86.234,43.0,3.0,,,28.341,29.487,28.406,0 days 02:25:02.935000,0 days 02:25:32.422000,0 days 02:26:00.828000,306.0,308.0,307.0,310.0,False,MEDIUM,7.0,False,Haas F1 Team,0 days 02:24:34.565000,2023-09-03 14:25:35.610,1,17.0,False,,False,True
0 days 02:27:27.258000,HUL,27,86.459,44.0,3.0,,,28.307,29.626,28.526,0 days 02:26:29.135000,0 days 02:26:58.761000,0 days 02:27:27.287000,307.0,308.0,306.0,311.0,False,MEDIUM,8.0,False,Haas F1 Team,0 days 02:26:00.799000,2023-09-03 14:27:01.844,1,17.0,False,,False,True
0 days 02:28:53.981000,HUL,27,86.723,45.0,3.0,,,28.329,29.675,28.719,0 days 02:27:55.616000,0 days 02:28:25.291000,0 days 02:28:54.010000,309.0,310.0,306.0,311.0,False,MEDIUM,9.0,False,Haas F1 Team,0 days 02:27:27.258000,2023-09-03 14:28:28.303,1,17.0,False,,False,True
0 days 02:30:20.626000,HUL,27,86.645,46.0,3.0,,,28.345,29.762,28.538,0 days 02:29:22.355000,0 days 02:29:52.117000,0 days 02:30:20.655000,309.0,310.0,306.0,311.0,False,MEDIUM,10.0,False,Haas F1 Team,0 days 02:28:53.981000,2023-09-03 14:29:55.026,1,17.0,False,,False,True
0 days 02:31:46.877000,HUL,27,86.251,47.0,3.0,,,28.251,29.531,28.469,0 days 02:30:48.906000,0 days 02:31:18.437000,0 days 02:31:46.906000,309.0,311.0,307.0,312.0,False,MEDIUM,11.0,False,Haas F1 Team,0 days 02:30:20.626000,2023-09-03 14:31:21.671,1,17.0,False,,False,True
0 days 02:33:13.236000,HUL,27,86.359,48.0,3.0,,,28.286,29.718,28.355,0 days 02:32:15.192000,0 days 02:32:44.910000,0 days 02:33:13.265000,307.0,308.0,308.0,310.0,False,MEDIUM,12.0,False,Haas F1 Team,0 days 02:31:46.877000,2023-09-03 14:32:47.922,1,17.0,False,,False,True
0 days 02:34:39.217000,HUL,27,85.981,49.0,3.0,,,28.367,29.43,28.184,0 days 02:33:41.632000,0 days 02:34:11.062000,0 days 02:34:39.246000,308.0,311.0,309.0,312.0,True,MEDIUM,13.0,False,Haas F1 Team,0 days 02:33:13.236000,2023-09-03 14:34:14.281,1,17.0,False,,False,True
0 days 02:36:05.111000,HUL,27,85.894,50.0,3.0,,,28.274,29.497,28.123,0 days 02:35:07.520000,0 days 02:35:37.017000,0 days 02:36:05.140000,308.0,310.0,309.0,312.0,True,MEDIUM,14.0,False,Haas F1 Team,0 days 02:34:39.217000,2023-09-03 14:35:40.262,1,17.0,False,,False,True
0 days 01:25:26.197000,OCO,31,88.667,2.0,1.0,,,28.747,30.479,29.441,0 days 01:24:26.292000,0 days 01:24:56.771000,0 days 01:25:26.212000,307.0,307.0,305.0,315.0,True,MEDIUM,2.0,True,Alpine,0 days 01:23:57.530000,2023-09-03 13:24:58.575,1,16.0,False,,False,True
0 days 01:26:54.019000,OCO,31,87.822,3.0,1.0,,,28.679,29.905,29.238,0 days 01:25:54.891000,0 days 01:26:24.796000,0 days 01:26:54.034000,304.0,323.0,305.0,313.0,True,MEDIUM,3.0,True,Alpine,0 days 01:25:26.197000,2023-09-03 13:26:27.242,1,16.0,False,,False,True
0 days 01:28:21.601000,OCO,31,87.582,4.0,1.0,,,28.339,30.071,29.172,0 days 01:27:22.373000,0 days 01:27:52.444000,0 days 01:28:21.616000,306.0,322.0,306.0,327.0,True,MEDIUM,4.0,True,Alpine,0 days 01:26:54.019000,2023-09-03 13:27:55.064,1,16.0,False,,False,True
0 days 01:29:48.986000,OCO,31,87.385,5.0,1.0,,,28.234,30.001,29.15,0 days 01:28:49.850000,0 days 01:29:19.851000,0 days 01:29:49.001000,306.0,322.0,305.0,331.0,True,MEDIUM,5.0,True,Alpine,0 days 01:28:21.601000,2023-09-03 13:29:22.646,1,16.0,False,,False,True
0 days 01:31:16.292000,OCO,31,87.306,6.0,1.0,,,28.228,30.062,29.016,0 days 01:30:17.229000,0 days 01:30:47.291000,0 days 01:31:16.307000,306.0,320.0,305.0,327.0,True,MEDIUM,6.0,True,Alpine,0 days 01:29:48.986000,2023-09-03 13:30:50.031,1,16.0,False,,False,True
0 days 01:32:43.409000,OCO,31,87.117,7.0,1.0,,,28.258,29.794,29.065,0 days 01:31:44.565000,0 days 01:32:14.359000,0 days 01:32:43.424000,306.0,322.0,306.0,331.0,True,MEDIUM,7.0,True,Alpine,0 days 01:31:16.292000,2023-09-03 13:32:17.337,1,16.0,False,,False,True
0 days 01:34:10.718000,OCO,31,87.309,8.0,1.0,,,28.19,29.948,29.171,0 days 01:33:11.614000,0 days 01:33:41.562000,0 days 01:34:10.733000,308.0,321.0,305.0,331.0,False,MEDIUM,8.0,True,Alpine,0 days 01:32:43.409000,2023-09-03 13:33:44.454,1,16.0,False,,False,True
0 days 01:35:38.114000,OCO,31,87.396,9.0,1.0,,,28.202,30.053,29.141,0 days 01:34:38.935000,0 days 01:35:08.988000,0 days 01:35:38.129000,308.0,321.0,305.0,331.0,False,MEDIUM,9.0,True,Alpine,0 days 01:34:10.718000,2023-09-03 13:35:11.763,1,16.0,False,,False,True
0 days 01:37:05.721000,OCO,31,87.607,10.0,1.0,,,28.372,30.045,29.19,0 days 01:36:06.501000,0 days 01:36:36.546000,0 days 01:37:05.736000,307.0,321.0,305.0,328.0,False,MEDIUM,10.0,True,Alpine,0 days 01:35:38.114000,2023-09-03 13:36:39.159,1,16.0,False,,False,True
0 days 01:38:33.459000,OCO,31,87.738,11.0,1.0,,,28.301,30.405,29.032,0 days 01:37:34.037000,0 days 01:38:04.442000,0 days 01:38:33.474000,308.0,312.0,305.0,331.0,False,MEDIUM,11.0,True,Alpine,0 days 01:37:05.721000,2023-09-03 13:38:06.766,1,15.0,False,,False,True
0 days 01:40:01.691000,OCO,31,88.232,12.0,1.0,,,28.571,30.347,29.314,0 days 01:39:02.045000,0 days 01:39:32.392000,0 days 01:40:01.706000,307.0,312.0,304.0,317.0,False,MEDIUM,12.0,True,Alpine,0 days 01:38:33.459000,2023-09-03 13:39:34.504,1,15.0,False,,False,True
0 days 01:41:29.546000,OCO,31,87.855,13.0,1.0,,,28.362,30.343,29.15,0 days 01:40:30.068000,0 days 01:41:00.411000,0 days 01:41:29.561000,307.0,321.0,305.0,330.0,False,MEDIUM,13.0,True,Alpine,0 days 01:40:01.691000,2023-09-03 13:41:02.736,1,14.0,False,,False,True
0 days 01:42:57.637000,OCO,31,88.091,14.0,1.0,,,28.417,30.356,29.318,0 days 01:41:57.978000,0 days 01:42:28.334000,0 days 01:42:57.652000,308.0,322.0,304.0,324.0,False,MEDIUM,14.0,True,Alpine,0 days 01:41:29.546000,2023-09-03 13:42:30.591,1,12.0,False,,False,True
0 days 01:44:25.834000,OCO,31,88.197,15.0,1.0,,,28.46,30.513,29.224,0 days 01:43:26.112000,0 days 01:43:56.625000,0 days 01:44:25.849000,308.0,306.0,304.0,327.0,False,MEDIUM,15.0,True,Alpine,0 days 01:42:57.637000,2023-09-03 13:43:58.682,1,12.0,False,,False,True
0 days 01:45:54.083000,OCO,31,88.249,16.0,1.0,,,28.678,30.517,29.054,0 days 01:44:54.527000,0 days 01:45:25.044000,0 days 01:45:54.098000,307.0,304.0,305.0,312.0,False,MEDIUM,16.0,True,Alpine,0 days 01:44:25.834000,2023-09-03 13:45:26.879,1,11.0,False,,False,True
0 days 01:47:22.194000,OCO,31,88.111,17.0,1.0,,,28.605,30.381,29.125,0 days 01:46:22.703000,0 days 01:46:53.084000,0 days 01:47:22.209000,307.0,304.0,303.0,312.0,False,MEDIUM,17.0,True,Alpine,0 days 01:45:54.083000,2023-09-03 13:46:55.128,1,11.0,False,,False,True
0 days 01:48:50.455000,OCO,31,88.261,18.0,1.0,,,28.629,30.459,29.173,0 days 01:47:50.838000,0 days 01:48:21.297000,0 days 01:48:50.470000,305.0,303.0,304.0,311.0,False,MEDIUM,18.0,True,Alpine,0 days 01:47:22.194000,2023-09-03 13:48:23.239,1,11.0,False,,False,True
0 days 01:50:18.671000,OCO,31,88.216,19.0,1.0,,,28.699,30.382,29.135,0 days 01:49:19.169000,0 days 01:49:49.551000,0 days 01:50:18.686000,305.0,304.0,303.0,311.0,False,MEDIUM,19.0,True,Alpine,0 days 01:48:50.455000,2023-09-03 13:49:51.500,1,11.0,False,,False,True
0 days 01:51:48.058000,OCO,31,89.387,20.0,1.0,,,29.677,30.625,29.085,0 days 01:50:48.363000,0 days 01:51:18.988000,0 days 01:51:48.073000,306.0,306.0,304.0,310.0,False,MEDIUM,20.0,True,Alpine,0 days 01:50:18.671000,2023-09-03 13:51:19.716,1,11.0,False,,False,True
0 days 01:53:16.547000,OCO,31,88.489,21.0,1.0,,,28.711,30.436,29.342,0 days 01:52:16.784000,0 days 01:52:47.220000,0 days 01:53:16.562000,307.0,307.0,304.0,310.0,False,MEDIUM,21.0,True,Alpine,0 days 01:51:48.058000,2023-09-03 13:52:49.103,1,11.0,False,,False,True
0 days 01:54:45.431000,OCO,31,88.884,22.0,1.0,,,28.762,30.7,29.422,0 days 01:53:45.324000,0 days 01:54:16.024000,0 days 01:54:45.446000,304.0,304.0,303.0,310.0,False,MEDIUM,22.0,True,Alpine,0 days 01:53:16.547000,2023-09-03 13:54:17.592,1,10.0,False,,False,True
0 days 01:56:14.905000,OCO,31,89.474,23.0,1.0,,,29.428,30.719,29.327,0 days 01:55:14.874000,0 days 01:55:45.593000,0 days 01:56:14.920000,307.0,304.0,304.0,310.0,False,MEDIUM,23.0,True,Alpine,0 days 01:54:45.431000,2023-09-03 13:55:46.476,1,10.0,False,,False,True
0 days 02:01:02.940000,OCO,31,87.158,26.0,2.0,,,28.335,29.913,28.91,0 days 02:00:04.132000,0 days 02:00:34.045000,0 days 02:01:02.955000,306.0,306.0,306.0,314.0,False,HARD,5.0,False,Alpine,0 days 01:59:35.782000,2023-09-03 14:00:36.827,1,19.0,False,,False,True
0 days 02:02:30.059000,OCO,31,87.119,27.0,2.0,,,28.322,29.933,28.864,0 days 02:01:31.277000,0 days 02:02:01.210000,0 days 02:02:30.074000,306.0,306.0,306.0,314.0,False,HARD,6.0,False,Alpine,0 days 02:01:02.940000,2023-09-03 14:02:03.985,1,19.0,False,,False,True
0 days 02:03:57.249000,OCO,31,87.19,28.0,2.0,,,28.381,30.046,28.763,0 days 02:02:58.455000,0 days 02:03:28.501000,0 days 02:03:57.264000,308.0,306.0,306.0,313.0,False,HARD,7.0,False,Alpine,0 days 02:02:30.059000,2023-09-03 14:03:31.104,1,19.0,False,,False,True
0 days 02:05:24.599000,OCO,31,87.35,29.0,2.0,,,28.439,30.125,28.786,0 days 02:04:25.703000,0 days 02:04:55.828000,0 days 02:05:24.614000,308.0,306.0,305.0,313.0,False,HARD,8.0,False,Alpine,0 days 02:03:57.249000,2023-09-03 14:04:58.294,1,19.0,False,,False,True
0 days 02:06:51.907000,OCO,31,87.308,30.0,2.0,,,28.472,30.064,28.772,0 days 02:05:53.086000,0 days 02:06:23.150000,0 days 02:06:51.922000,307.0,306.0,306.0,314.0,False,HARD,9.0,False,Alpine,0 days 02:05:24.599000,2023-09-03 14:06:25.644,1,19.0,False,,False,True
0 days 02:08:19.115000,OCO,31,87.208,31.0,2.0,,,28.424,29.972,28.812,0 days 02:07:20.346000,0 days 02:07:50.318000,0 days 02:08:19.130000,307.0,316.0,307.0,315.0,False,HARD,10.0,False,Alpine,0 days 02:06:51.907000,2023-09-03 14:07:52.952,1,19.0,False,,False,True
0 days 02:09:46.234000,OCO,31,87.119,32.0,2.0,,,28.426,29.892,28.801,0 days 02:08:47.556000,0 days 02:09:17.448000,0 days 02:09:46.249000,308.0,316.0,309.0,326.0,False,HARD,11.0,False,Alpine,0 days 02:08:19.115000,2023-09-03 14:09:20.160,1,18.0,False,,False,True
0 days 02:11:13.197000,OCO,31,86.963,33.0,2.0,,,28.305,29.946,28.712,0 days 02:10:14.554000,0 days 02:10:44.500000,0 days 02:11:13.212000,303.0,304.0,306.0,344.0,True,HARD,12.0,False,Alpine,0 days 02:09:46.234000,2023-09-03 14:10:47.279,1,17.0,False,,False,True
0 days 02:12:40.823000,OCO,31,87.626,34.0,2.0,,,28.494,30.238,28.894,0 days 02:11:41.706000,0 days 02:12:11.944000,0 days 02:12:40.838000,300.0,302.0,305.0,308.0,False,HARD,13.0,False,Alpine,0 days 02:11:13.197000,2023-09-03 14:12:14.242,1,15.0,False,,False,True
0 days 02:14:08.264000,OCO,31,87.441,35.0,2.0,,,28.604,30.054,28.783,0 days 02:13:09.442000,0 days 02:13:39.496000,0 days 02:14:08.279000,298.0,298.0,304.0,307.0,False,HARD,14.0,False,Alpine,0 days 02:12:40.823000,2023-09-03 14:13:41.868,1,15.0,False,,False,True
0 days 02:15:35.740000,OCO,31,87.476,36.0,2.0,,,28.527,30.087,28.862,0 days 02:14:36.806000,0 days 02:15:06.893000,0 days 02:15:35.755000,302.0,301.0,304.0,309.0,False,HARD,15.0,False,Alpine,0 days 02:14:08.264000,2023-09-03 14:15:09.309,1,15.0,False,,False,True
0 days 02:17:03.169000,OCO,31,87.429,37.0,2.0,,,28.474,30.165,28.79,0 days 02:16:04.229000,0 days 02:16:34.394000,0 days 02:17:03.184000,304.0,304.0,306.0,310.0,False,HARD,16.0,False,Alpine,0 days 02:15:35.740000,2023-09-03 14:16:36.785,1,15.0,False,,False,True
0 days 02:18:30.248000,OCO,31,87.079,38.0,2.0,,,28.461,29.89,28.728,0 days 02:17:31.645000,0 days 02:18:01.535000,0 days 02:18:30.263000,305.0,305.0,306.0,311.0,False,HARD,17.0,False,Alpine,0 days 02:17:03.169000,2023-09-03 14:18:04.214,1,15.0,False,,False,True
0 days 01:25:20.963000,NOR,4,87.575,2.0,1.0,,,28.537,30.36,28.678,0 days 01:24:21.928000,0 days 01:24:52.288000,0 days 01:25:20.966000,315.0,313.0,307.0,311.0,True,MEDIUM,2.0,True,McLaren,0 days 01:23:53.388000,2023-09-03 13:24:54.433,1,8.0,False,,False,True
0 days 01:26:48.068000,NOR,4,87.105,3.0,1.0,,,28.693,29.848,28.564,0 days 01:25:49.659000,0 days 01:26:19.507000,0 days 01:26:48.071000,310.0,322.0,307.0,293.0,True,MEDIUM,3.0,True,McLaren,0 days 01:25:20.963000,2023-09-03 13:26:22.008,1,8.0,False,,False,True
0 days 01:28:15.137000,NOR,4,87.069,4.0,1.0,,,28.445,29.988,28.636,0 days 01:27:16.516000,0 days 01:27:46.504000,0 days 01:28:15.140000,309.0,316.0,308.0,312.0,True,MEDIUM,4.0,True,McLaren,0 days 01:26:48.068000,2023-09-03 13:27:49.113,1,8.0,False,,False,True
0 days 01:31:09.075000,NOR,4,86.796,6.0,1.0,,,28.38,29.732,28.684,0 days 01:30:10.662000,0 days 01:30:40.394000,0 days 01:31:09.078000,312.0,319.0,307.0,305.0,True,MEDIUM,6.0,True,McLaren,0 days 01:29:42.279000,2023-09-03 13:30:43.324,1,8.0,False,,False,True
0 days 01:32:35.939000,NOR,4,86.864,7.0,1.0,,,28.36,29.946,28.558,0 days 01:31:37.438000,0 days 01:32:07.384000,0 days 01:32:35.942000,308.0,310.0,309.0,308.0,False,MEDIUM,7.0,True,McLaren,0 days 01:31:09.075000,2023-09-03 13:32:10.120,1,8.0,False,,False,True
0 days 01:34:02.567000,NOR,4,86.628,8.0,1.0,,,28.271,29.746,28.611,0 days 01:33:04.213000,0 days 01:33:33.959000,0 days 01:34:02.570000,313.0,319.0,308.0,310.0,True,MEDIUM,8.0,True,McLaren,0 days 01:32:35.939000,2023-09-03 13:33:36.984,1,8.0,False,,False,True
0 days 01:35:29.460000,NOR,4,86.893,9.0,1.0,,,28.208,29.983,28.702,0 days 01:34:30.778000,0 days 01:35:00.761000,0 days 01:35:29.463000,313.0,319.0,307.0,320.0,False,MEDIUM,9.0,True,McLaren,0 days 01:34:02.567000,2023-09-03 13:35:03.612,1,8.0,False,,False,True
0 days 01:36:56.425000,NOR,4,86.965,10.0,1.0,,,28.292,29.893,28.78,0 days 01:35:57.755000,0 days 01:36:27.648000,0 days 01:36:56.428000,314.0,320.0,307.0,319.0,False,MEDIUM,10.0,True,McLaren,0 days 01:35:29.460000,2023-09-03 13:36:30.505,1,8.0,False,,False,True
0 days 01:38:23.491000,NOR,4,87.066,11.0,1.0,,,28.224,30.155,28.687,0 days 01:37:24.652000,0 days 01:37:54.807000,0 days 01:38:23.494000,311.0,318.0,309.0,313.0,False,MEDIUM,11.0,True,McLaren,0 days 01:36:56.425000,2023-09-03 13:37:57.470,1,8.0,False,,False,True
0 days 01:39:50.929000,NOR,4,87.438,12.0,1.0,,,28.308,30.281,28.849,0 days 01:38:51.802000,0 days 01:39:22.083000,0 days 01:39:50.932000,311.0,318.0,309.0,315.0,False,MEDIUM,12.0,True,McLaren,0 days 01:38:23.491000,2023-09-03 13:39:24.536,1,8.0,False,,False,True
0 days 01:41:18.288000,NOR,4,87.359,13.0,1.0,,,28.176,30.425,28.758,0 days 01:40:19.108000,0 days 01:40:49.533000,0 days 01:41:18.291000,313.0,320.0,309.0,329.0,False,MEDIUM,13.0,True,McLaren,0 days 01:39:50.929000,2023-09-03 13:40:51.974,1,8.0,False,,False,True
0 days 01:42:45.766000,NOR,4,87.478,14.0,1.0,,,28.138,30.447,28.893,0 days 01:41:46.429000,0 days 01:42:16.876000,0 days 01:42:45.769000,313.0,322.0,310.0,339.0,False,MEDIUM,14.0,True,McLaren,0 days 01:41:18.288000,2023-09-03 13:42:19.333,1,8.0,False,,False,True
0 days 01:44:13.562000,NOR,4,87.796,15.0,1.0,,,28.418,30.509,28.869,0 days 01:43:14.187000,0 days 01:43:44.696000,0 days 01:44:13.565000,313.0,321.0,307.0,333.0,False,MEDIUM,15.0,True,McLaren,0 days 01:42:45.766000,2023-09-03 13:43:46.811,1,7.0,False,,False,True
0 days 01:45:40.761000,NOR,4,87.199,16.0,1.0,,,28.356,30.068,28.775,0 days 01:44:41.921000,0 days 01:45:11.989000,0 days 01:45:40.764000,314.0,318.0,309.0,313.0,False,MEDIUM,16.0,True,McLaren,0 days 01:44:13.562000,2023-09-03 13:45:14.607,1,7.0,False,,False,True
0 days 01:47:08.358000,NOR,4,87.597,17.0,1.0,,,28.582,30.325,28.69,0 days 01:46:09.346000,0 days 01:46:39.671000,0 days 01:47:08.361000,311.0,309.0,309.0,309.0,False,MEDIUM,17.0,True,McLaren,0 days 01:45:40.761000,2023-09-03 13:46:41.806,1,7.0,False,,False,True
0 days 01:48:35.630000,NOR,4,87.272,18.0,1.0,,,28.43,30.043,28.799,0 days 01:47:36.791000,0 days 01:48:06.834000,0 days 01:48:35.633000,315.0,317.0,307.0,315.0,False,MEDIUM,18.0,True,McLaren,0 days 01:47:08.358000,2023-09-03 13:48:09.403,1,7.0,False,,False,True
0 days 01:50:02.910000,NOR,4,87.28,19.0,1.0,,,28.451,30.143,28.686,0 days 01:49:04.084000,0 days 01:49:34.227000,0 days 01:50:02.913000,311.0,318.0,308.0,315.0,False,MEDIUM,19.0,True,McLaren,0 days 01:48:35.630000,2023-09-03 13:49:36.675,1,7.0,False,,False,True
0 days 01:51:30.626000,NOR,4,87.716,20.0,1.0,,,28.365,30.534,28.817,0 days 01:50:31.278000,0 days 01:51:01.812000,0 days 01:51:30.629000,312.0,317.0,308.0,312.0,False,MEDIUM,20.0,True,McLaren,0 days 01:50:02.910000,2023-09-03 13:51:03.955,1,5.0,False,,False,True
0 days 01:52:58.344000,NOR,4,87.718,21.0,1.0,,,28.489,30.385,28.844,0 days 01:51:59.118000,0 days 01:52:29.503000,0 days 01:52:58.347000,313.0,317.0,307.0,317.0,False,MEDIUM,21.0,True,McLaren,0 days 01:51:30.626000,2023-09-03 13:52:31.671,1,3.0,False,,False,True
0 days 01:57:42.417000,NOR,4,86.144,24.0,2.0,,,28.37,29.458,28.316,0 days 01:56:44.646000,0 days 01:57:14.104000,0 days 01:57:42.420000,308.0,330.0,307.0,331.0,True,HARD,6.0,False,McLaren,0 days 01:56:16.273000,2023-09-03 13:57:17.318,1,9.0,False,,False,True
0 days 01:59:08.841000,NOR,4,86.424,25.0,2.0,,,28.304,29.752,28.368,0 days 01:58:10.724000,0 days 01:58:40.476000,0 days 01:59:08.844000,305.0,305.0,308.0,313.0,False,HARD,7.0,False,McLaren,0 days 01:57:42.417000,2023-09-03 13:58:43.462,1,8.0,False,,False,True
0 days 02:00:35.243000,NOR,4,86.402,26.0,2.0,,,28.289,29.728,28.385,0 days 01:59:37.133000,0 days 02:00:06.861000,0 days 02:00:35.246000,307.0,308.0,306.0,313.0,False,HARD,8.0,False,McLaren,0 days 01:59:08.841000,2023-09-03 14:00:09.886,1,8.0,False,,False,True
0 days 02:02:01.728000,NOR,4,86.485,27.0,2.0,,,28.346,29.745,28.394,0 days 02:01:03.592000,0 days 02:01:33.337000,0 days 02:02:01.731000,305.0,307.0,306.0,313.0,False,HARD,9.0,False,McLaren,0 days 02:00:35.243000,2023-09-03 14:01:36.288,1,8.0,False,,False,True
0 days 02:03:28.124000,NOR,4,86.396,28.0,2.0,,,28.273,29.743,28.38,0 days 02:02:30.004000,0 days 02:02:59.747000,0 days 02:03:28.127000,311.0,310.0,308.0,313.0,False,HARD,10.0,False,McLaren,0 days 02:02:01.728000,2023-09-03 14:03:02.773,1,7.0,False,,False,True
0 days 02:04:54.596000,NOR,4,86.472,29.0,2.0,,,28.197,29.731,28.544,0 days 02:03:56.324000,0 days 02:04:26.055000,0 days 02:04:54.599000,313.0,318.0,310.0,322.0,False,HARD,11.0,False,McLaren,0 days 02:03:28.124000,2023-09-03 14:04:29.169,1,7.0,False,,False,True
0 days 02:06:21.564000,NOR,4,86.968,30.0,2.0,,,28.657,29.952,28.359,0 days 02:05:23.256000,0 days 02:05:53.208000,0 days 02:06:21.567000,306.0,316.0,309.0,339.0,False,HARD,12.0,False,McLaren,0 days 02:04:54.596000,2023-09-03 14:05:55.641,1,7.0,False,,False,True
0 days 02:07:48.473000,NOR,4,86.909,31.0,2.0,,,28.548,30.01,28.351,0 days 02:06:50.115000,0 days 02:07:20.125000,0 days 02:07:48.476000,311.0,316.0,309.0,317.0,False,HARD,13.0,False,McLaren,0 days 02:06:21.564000,2023-09-03 14:07:22.609,1,7.0,False,,False,True
0 days 02:09:15.059000,NOR,4,86.586,32.0,2.0,,,28.175,29.858,28.553,0 days 02:08:16.651000,0 days 02:08:46.509000,0 days 02:09:15.062000,313.0,319.0,308.0,317.0,False,HARD,14.0,False,McLaren,0 days 02:07:48.473000,2023-09-03 14:08:49.518,1,7.0,False,,False,True
0 days 02:10:41.514000,NOR,4,86.455,33.0,2.0,,,28.159,29.844,28.452,0 days 02:09:43.221000,0 days 02:10:13.065000,0 days 02:10:41.517000,316.0,319.0,310.0,321.0,False,HARD,15.0,False,McLaren,0 days 02:09:15.059000,2023-09-03 14:10:16.104,1,7.0,False,,False,True
0 days 02:12:07.880000,NOR,4,86.366,34.0,2.0,,,28.262,29.737,28.367,0 days 02:11:09.779000,0 days 02:11:39.516000,0 days 02:12:07.883000,312.0,319.0,310.0,320.0,False,HARD,16.0,False,McLaren,0 days 02:10:41.514000,2023-09-03 14:11:42.559,1,7.0,False,,False,True
0 days 02:13:34.344000,NOR,4,86.464,35.0,2.0,,,28.2,29.851,28.413,0 days 02:12:36.083000,0 days 02:13:05.934000,0 days 02:13:34.347000,314.0,320.0,309.0,316.0,False,HARD,17.0,False,McLaren,0 days 02:12:07.880000,2023-09-03 14:13:08.925,1,7.0,False,,False,True
0 days 02:15:01.404000,NOR,4,87.06,36.0,2.0,,,28.365,30.238,28.457,0 days 02:14:02.712000,0 days 02:14:32.950000,0 days 02:15:01.407000,312.0,317.0,309.0,316.0,False,HARD,18.0,False,McLaren,0 days 02:13:34.344000,2023-09-03 14:14:35.389,1,7.0,False,,False,True
0 days 02:16:27.999000,NOR,4,86.595,37.0,2.0,,,28.348,29.924,28.323,0 days 02:15:29.755000,0 days 02:15:59.679000,0 days 02:16:28.002000,315.0,319.0,313.0,322.0,False,HARD,19.0,False,McLaren,0 days 02:15:01.404000,2023-09-03 14:16:02.449,1,7.0,False,,False,True
0 days 02:19:22.358000,NOR,4,86.792,39.0,2.0,,,28.202,30.031,28.559,0 days 02:18:23.771000,0 days 02:18:53.802000,0 days 02:19:22.361000,317.0,321.0,308.0,325.0,False,HARD,21.0,False,McLaren,0 days 02:17:55.566000,2023-09-03 14:18:56.611,1,7.0,False,,False,True
0 days 02:20:49.119000,NOR,4,86.761,40.0,2.0,,,28.184,30.016,28.561,0 days 02:19:50.545000,0 days 02:20:20.561000,0 days 02:20:49.122000,314.0,318.0,309.0,327.0,False,HARD,22.0,False,McLaren,0 days 02:19:22.358000,2023-09-03 14:20:23.403,1,7.0,False,,False,True
0 days 02:22:15.681000,NOR,4,86.562,41.0,2.0,,,28.269,29.96,28.333,0 days 02:21:17.391000,0 days 02:21:47.351000,0 days 02:22:15.684000,315.0,320.0,309.0,325.0,False,HARD,23.0,False,McLaren,0 days 02:20:49.119000,2023-09-03 14:21:50.164,1,7.0,False,,False,True
0 days 02:23:42.304000,NOR,4,86.623,42.0,2.0,,,28.311,29.995,28.317,0 days 02:22:43.995000,0 days 02:23:13.990000,0 days 02:23:42.307000,314.0,320.0,309.0,317.0,False,HARD,24.0,False,McLaren,0 days 02:22:15.681000,2023-09-03 14:23:16.726,1,7.0,False,,False,True
0 days 02:25:09.114000,NOR,4,86.81,43.0,2.0,,,28.312,30.079,28.419,0 days 02:24:10.619000,0 days 02:24:40.698000,0 days 02:25:09.117000,315.0,322.0,312.0,321.0,False,HARD,25.0,False,McLaren,0 days 02:23:42.304000,2023-09-03 14:24:43.349,1,7.0,False,,False,True
0 days 02:26:37.105000,NOR,4,87.991,44.0,2.0,,,28.037,31.196,28.758,0 days 02:25:37.154000,0 days 02:26:08.350000,0 days 02:26:37.108000,324.0,328.0,310.0,316.0,False,HARD,26.0,False,McLaren,0 days 02:25:09.114000,2023-09-03 14:26:10.159,1,7.0,False,,False,True
0 days 02:28:04.571000,NOR,4,87.466,45.0,2.0,,,28.726,30.34,28.4,0 days 02:27:05.834000,0 days 02:27:36.174000,0 days 02:28:04.574000,307.0,323.0,310.0,338.0,False,HARD,27.0,False,McLaren,0 days 02:26:37.105000,2023-09-03 14:27:38.150,1,8.0,False,,False,True
0 days 02:29:31.588000,NOR,4,87.017,46.0,2.0,,,28.325,30.218,28.474,0 days 02:28:32.899000,0 days 02:29:03.117000,0 days 02:29:31.591000,314.0,324.0,312.0,323.0,False,HARD,28.0,False,McLaren,0 days 02:28:04.571000,2023-09-03 14:29:05.616,1,8.0,False,,False,True
0 days 02:30:59.474000,NOR,4,87.886,47.0,2.0,,,28.079,31.244,28.563,0 days 02:29:59.670000,0 days 02:30:30.914000,0 days 02:30:59.477000,321.0,323.0,314.0,329.0,False,HARD,29.0,False,McLaren,0 days 02:29:31.588000,2023-09-03 14:30:32.633,1,8.0,False,,False,True
0 days 02:32:26.207000,NOR,4,86.733,48.0,2.0,,,28.415,30.09,28.228,0 days 02:31:27.892000,0 days 02:31:57.982000,0 days 02:32:26.210000,308.0,321.0,316.0,318.0,False,HARD,30.0,False,McLaren,0 days 02:30:59.474000,2023-09-03 14:32:00.519,1,8.0,False,,False,True
0 days 02:33:53.868000,NOR,4,87.661,49.0,2.0,,,28.211,30.897,28.553,0 days 02:32:54.421000,0 days 02:33:25.318000,0 days 02:33:53.871000,299.0,321.0,312.0,346.0,False,HARD,31.0,False,McLaren,0 days 02:32:26.207000,2023-09-03 14:33:27.252,1,8.0,False,,False,True
0 days 02:35:21.042000,NOR,4,87.174,50.0,2.0,,,28.328,30.461,28.385,0 days 02:34:22.199000,0 days 02:34:52.660000,0 days 02:35:21.045000,312.0,321.0,314.0,322.0,False,HARD,32.0,False,McLaren,0 days 02:33:53.868000,2023-09-03 14:34:54.913,1,8.0,False,,False,True
0 days 02:36:48.467000,NOR,4,87.425,51.0,2.0,,,28.597,30.414,28.414,0 days 02:35:49.642000,0 days 02:36:20.056000,0 days 02:36:48.470000,317.0,318.0,313.0,346.0,False,HARD,33.0,False,McLaren,0 days 02:35:21.042000,2023-09-03 14:36:22.087,1,8.0,False,,False,True
0 days 01:25:23.786000,LAW,40,88.018,2.0,1.0,,,28.272,30.618,29.128,0 days 01:24:24.041000,0 days 01:24:54.659000,0 days 01:25:23.787000,315.0,316.0,308.0,330.0,True,MEDIUM,5.0,False,AlphaTauri,0 days 01:23:55.768000,2023-09-03 13:24:56.813,1,12.0,False,,False,True
0 days 01:26:51.443000,LAW,40,87.657,3.0,1.0,,,28.456,30.165,29.036,0 days 01:25:52.243000,0 days 01:26:22.408000,0 days 01:26:51.444000,314.0,330.0,308.0,315.0,True,MEDIUM,6.0,False,AlphaTauri,0 days 01:25:23.786000,2023-09-03 13:26:24.831,1,12.0,False,,False,True
0 days 01:28:18.573000,LAW,40,87.13,4.0,1.0,,,28.037,30.226,28.867,0 days 01:27:19.481000,0 days 01:27:49.707000,0 days 01:28:18.574000,314.0,330.0,310.0,331.0,True,MEDIUM,7.0,False,AlphaTauri,0 days 01:26:51.443000,2023-09-03 13:27:52.488,1,12.0,False,,False,True
0 days 01:29:45.778000,LAW,40,87.205,5.0,1.0,,,28.039,30.113,29.053,0 days 01:28:46.613000,0 days 01:29:16.726000,0 days 01:29:45.779000,311.0,330.0,308.0,330.0,False,MEDIUM,8.0,False,AlphaTauri,0 days 01:28:18.573000,2023-09-03 13:29:19.618,1,12.0,False,,False,True
0 days 01:31:13.041000,LAW,40,87.263,6.0,1.0,,,28.028,30.065,29.17,0 days 01:30:13.807000,0 days 01:30:43.872000,0 days 01:31:13.042000,313.0,330.0,308.0,334.0,False,MEDIUM,9.0,False,AlphaTauri,0 days 01:29:45.778000,2023-09-03 13:30:46.823,1,12.0,False,,False,True
0 days 01:32:40.195000,LAW,40,87.154,7.0,1.0,,,28.085,30.053,29.016,0 days 01:31:41.127000,0 days 01:32:11.180000,0 days 01:32:40.196000,312.0,328.0,308.0,332.0,False,MEDIUM,10.0,False,AlphaTauri,0 days 01:31:13.041000,2023-09-03 13:32:14.086,1,12.0,False,,False,True
0 days 01:34:07.526000,LAW,40,87.331,8.0,1.0,,,28.178,29.982,29.171,0 days 01:33:08.374000,0 days 01:33:38.356000,0 days 01:34:07.527000,312.0,328.0,307.0,320.0,False,MEDIUM,11.0,False,AlphaTauri,0 days 01:32:40.195000,2023-09-03 13:33:41.240,1,12.0,False,,False,True
0 days 01:35:35.032000,LAW,40,87.506,9.0,1.0,,,28.063,30.134,29.309,0 days 01:34:35.590000,0 days 01:35:05.724000,0 days 01:35:35.033000,315.0,335.0,306.0,332.0,False,MEDIUM,12.0,False,AlphaTauri,0 days 01:34:07.526000,2023-09-03 13:35:08.571,1,12.0,False,,False,True
0 days 01:37:02.680000,LAW,40,87.648,10.0,1.0,,,28.176,30.205,29.267,0 days 01:36:03.209000,0 days 01:36:33.414000,0 days 01:37:02.681000,316.0,326.0,308.0,334.0,False,MEDIUM,13.0,False,AlphaTauri,0 days 01:35:35.032000,2023-09-03 13:36:36.077,1,12.0,False,,False,True
0 days 01:38:30.572000,LAW,40,87.892,11.0,1.0,,,28.114,30.496,29.282,0 days 01:37:30.795000,0 days 01:38:01.291000,0 days 01:38:30.573000,317.0,327.0,307.0,330.0,False,MEDIUM,14.0,False,AlphaTauri,0 days 01:37:02.680000,2023-09-03 13:38:03.725,1,12.0,False,,False,True
0 days 01:39:58.203000,LAW,40,87.631,12.0,1.0,,,28.18,30.397,29.054,0 days 01:38:58.753000,0 days 01:39:29.150000,0 days 01:39:58.204000,310.0,310.0,306.0,349.0,False,MEDIUM,15.0,False,AlphaTauri,0 days 01:38:30.572000,2023-09-03 13:39:31.617,1,11.0,False,,False,True
0 days 01:44:44.630000,LAW,40,87.03,15.0,2.0,,,28.278,29.812,28.94,0 days 01:43:45.879000,0 days 01:44:15.691000,0 days 01:44:44.631000,309.0,306.0,303.0,323.0,True,HARD,5.0,False,AlphaTauri,0 days 01:43:17.600000,2023-09-03 13:44:18.645,1,14.0,False,,False,True
0 days 01:46:12.042000,LAW,40,87.412,16.0,2.0,,,28.441,30.034,28.937,0 days 01:45:13.072000,0 days 01:45:43.106000,0 days 01:46:12.043000,308.0,306.0,305.0,311.0,False,HARD,6.0,False,AlphaTauri,0 days 01:44:44.630000,2023-09-03 13:45:45.675,1,14.0,False,,False,True
0 days 01:47:39.087000,LAW,40,87.045,17.0,2.0,,,28.399,29.851,28.795,0 days 01:46:40.442000,0 days 01:47:10.293000,0 days 01:47:39.088000,312.0,307.0,305.0,302.0,False,HARD,7.0,False,AlphaTauri,0 days 01:46:12.042000,2023-09-03 13:47:13.087,1,14.0,False,,False,True
0 days 01:49:05.902000,LAW,40,86.815,18.0,2.0,,,28.197,29.801,28.817,0 days 01:48:07.285000,0 days 01:48:37.086000,0 days 01:49:05.903000,310.0,306.0,306.0,320.0,True,HARD,8.0,False,AlphaTauri,0 days 01:47:39.087000,2023-09-03 13:48:40.132,1,14.0,False,,False,True
0 days 01:50:32.949000,LAW,40,87.047,19.0,2.0,,,28.377,29.912,28.758,0 days 01:49:34.280000,0 days 01:50:04.192000,0 days 01:50:32.950000,308.0,307.0,306.0,300.0,False,HARD,9.0,False,AlphaTauri,0 days 01:49:05.902000,2023-09-03 13:50:06.947,1,14.0,False,,False,True
0 days 01:51:59.839000,LAW,40,86.89,20.0,2.0,,,28.28,29.809,28.801,0 days 01:51:01.230000,0 days 01:51:31.039000,0 days 01:51:59.840000,310.0,310.0,306.0,306.0,False,HARD,10.0,False,AlphaTauri,0 days 01:50:32.949000,2023-09-03 13:51:33.994,1,14.0,False,,False,True
0 days 01:53:27.010000,LAW,40,87.171,21.0,2.0,,,28.353,29.969,28.849,0 days 01:52:28.193000,0 days 01:52:58.162000,0 days 01:53:27.011000,311.0,311.0,306.0,306.0,False,HARD,11.0,False,AlphaTauri,0 days 01:51:59.839000,2023-09-03 13:53:00.884,1,13.0,False,,False,True
0 days 01:54:55.069000,LAW,40,88.059,22.0,2.0,,,28.367,30.596,29.096,0 days 01:53:55.378000,0 days 01:54:25.974000,0 days 01:54:55.070000,323.0,327.0,308.0,326.0,False,HARD,12.0,False,AlphaTauri,0 days 01:53:27.010000,2023-09-03 13:54:28.055,1,13.0,False,,False,True
0 days 01:56:22.284000,LAW,40,87.215,23.0,2.0,,,28.321,30.091,28.803,0 days 01:55:23.391000,0 days 01:55:53.482000,0 days 01:56:22.285000,313.0,312.0,308.0,313.0,False,HARD,13.0,False,AlphaTauri,0 days 01:54:55.069000,2023-09-03 13:55:56.114,1,13.0,False,,False,True
0 days 01:57:49.333000,LAW,40,87.049,24.0,2.0,,,28.28,30.021,28.748,0 days 01:56:50.565000,0 days 01:57:20.586000,0 days 01:57:49.334000,315.0,315.0,309.0,313.0,False,HARD,14.0,False,AlphaTauri,0 days 01:56:22.284000,2023-09-03 13:57:23.329,1,13.0,False,,False,True
0 days 01:59:16.537000,LAW,40,87.204,25.0,2.0,,,28.168,30.125,28.911,0 days 01:58:17.502000,0 days 01:58:47.627000,0 days 01:59:16.538000,312.0,312.0,307.0,317.0,False,HARD,15.0,False,AlphaTauri,0 days 01:57:49.333000,2023-09-03 13:58:50.378,1,12.0,False,,False,True
0 days 02:00:43.626000,LAW,40,87.089,26.0,2.0,,,28.242,30.054,28.793,0 days 01:59:44.780000,0 days 02:00:14.834000,0 days 02:00:43.627000,313.0,313.0,307.0,320.0,False,HARD,16.0,False,AlphaTauri,0 days 01:59:16.537000,2023-09-03 14:00:17.582,1,11.0,False,,False,True
0 days 02:02:10.651000,LAW,40,87.025,27.0,2.0,,,28.165,30.03,28.83,0 days 02:01:11.792000,0 days 02:01:41.822000,0 days 02:02:10.652000,313.0,314.0,306.0,317.0,False,HARD,17.0,False,AlphaTauri,0 days 02:00:43.626000,2023-09-03 14:01:44.671,1,11.0,False,,False,True
0 days 02:03:38.027000,LAW,40,87.376,28.0,2.0,,,28.176,30.315,28.885,0 days 02:02:38.828000,0 days 02:03:09.143000,0 days 02:03:38.028000,314.0,312.0,307.0,319.0,False,HARD,18.0,False,AlphaTauri,0 days 02:02:10.651000,2023-09-03 14:03:11.696,1,11.0,False,,False,True
0 days 02:05:05.135000,LAW,40,87.108,29.0,2.0,,,28.09,30.24,28.778,0 days 02:04:06.118000,0 days 02:04:36.358000,0 days 02:05:05.136000,314.0,313.0,307.0,320.0,False,HARD,19.0,False,AlphaTauri,0 days 02:03:38.027000,2023-09-03 14:04:39.072,1,11.0,False,,False,True
0 days 02:06:32.622000,LAW,40,87.487,30.0,2.0,,,28.267,30.304,28.916,0 days 02:05:33.403000,0 days 02:06:03.707000,0 days 02:06:32.623000,314.0,311.0,306.0,318.0,False,HARD,20.0,False,AlphaTauri,0 days 02:05:05.135000,2023-09-03 14:06:06.180,1,11.0,False,,False,True
0 days 02:08:00.137000,LAW,40,87.515,31.0,2.0,,,28.187,30.406,28.922,0 days 02:07:00.810000,0 days 02:07:31.216000,0 days 02:08:00.138000,313.0,311.0,307.0,323.0,False,HARD,21.0,False,AlphaTauri,0 days 02:06:32.622000,2023-09-03 14:07:33.667,1,11.0,False,,False,True
0 days 02:09:27.633000,LAW,40,87.496,32.0,2.0,,,28.219,30.364,28.913,0 days 02:08:28.357000,0 days 02:08:58.721000,0 days 02:09:27.634000,312.0,311.0,307.0,320.0,False,HARD,22.0,False,AlphaTauri,0 days 02:08:00.137000,2023-09-03 14:09:01.182,1,11.0,False,,False,True
0 days 02:14:12.446000,LAW,40,86.26,35.0,3.0,,,28.105,29.568,28.587,0 days 02:13:14.292000,0 days 02:13:43.860000,0 days 02:14:12.447000,310.0,309.0,307.0,308.0,True,MEDIUM,5.0,False,AlphaTauri,0 days 02:12:46.186000,2023-09-03 14:13:47.231,1,16.0,False,,False,True
0 days 02:15:38.830000,LAW,40,86.384,36.0,3.0,,,28.046,29.721,28.617,0 days 02:14:40.493000,0 days 02:15:10.214000,0 days 02:15:38.831000,311.0,310.0,308.0,312.0,False,MEDIUM,6.0,False,AlphaTauri,0 days 02:14:12.446000,2023-09-03 14:15:13.491,1,16.0,False,,False,True
0 days 02:17:05.083000,LAW,40,86.253,37.0,3.0,,,28.028,29.648,28.577,0 days 02:16:06.859000,0 days 02:16:36.507000,0 days 02:17:05.084000,313.0,313.0,310.0,314.0,True,MEDIUM,7.0,False,AlphaTauri,0 days 02:15:38.830000,2023-09-03 14:16:39.875,1,16.0,False,,False,True
0 days 02:18:31.186000,LAW,40,86.103,38.0,3.0,,,28.0,29.541,28.562,0 days 02:17:33.084000,0 days 02:18:02.625000,0 days 02:18:31.187000,316.0,316.0,310.0,318.0,True,MEDIUM,8.0,False,AlphaTauri,0 days 02:17:05.083000,2023-09-03 14:18:06.128,1,16.0,False,,False,True
0 days 02:19:57.431000,LAW,40,86.245,39.0,3.0,,,27.782,29.912,28.551,0 days 02:18:58.969000,0 days 02:19:28.881000,0 days 02:19:57.432000,319.0,330.0,308.0,324.0,False,MEDIUM,9.0,False,AlphaTauri,0 days 02:18:31.186000,2023-09-03 14:19:32.231,1,15.0,False,,False,True
0 days 02:21:23.704000,LAW,40,86.273,40.0,3.0,,,28.062,29.588,28.623,0 days 02:20:25.494000,0 days 02:20:55.082000,0 days 02:21:23.705000,313.0,311.0,306.0,313.0,False,MEDIUM,10.0,False,AlphaTauri,0 days 02:19:57.431000,2023-09-03 14:20:58.476,1,14.0,False,,False,True
0 days 02:22:50.121000,LAW,40,86.417,41.0,3.0,,,28.202,29.637,28.578,0 days 02:21:51.907000,0 days 02:22:21.544000,0 days 02:22:50.122000,311.0,313.0,307.0,312.0,False,MEDIUM,11.0,False,AlphaTauri,0 days 02:21:23.704000,2023-09-03 14:22:24.749,1,14.0,False,,False,True
0 days 02:24:16.242000,LAW,40,86.121,42.0,3.0,,,28.088,29.519,28.514,0 days 02:23:18.210000,0 days 02:23:47.729000,0 days 02:24:16.243000,313.0,314.0,307.0,314.0,False,MEDIUM,12.0,False,AlphaTauri,0 days 02:22:50.121000,2023-09-03 14:23:51.166,1,13.0,False,,False,True
0 days 02:25:42.385000,LAW,40,86.143,43.0,3.0,,,28.053,29.632,28.458,0 days 02:24:44.296000,0 days 02:25:13.928000,0 days 02:25:42.386000,315.0,316.0,309.0,311.0,False,MEDIUM,13.0,False,AlphaTauri,0 days 02:24:16.242000,2023-09-03 14:25:17.287,1,13.0,False,,False,True
0 days 02:27:08.227000,LAW,40,85.842,44.0,3.0,,,27.952,29.416,28.474,0 days 02:26:10.338000,0 days 02:26:39.754000,0 days 02:27:08.228000,316.0,326.0,308.0,317.0,True,MEDIUM,14.0,False,AlphaTauri,0 days 02:25:42.385000,2023-09-03 14:26:43.430,1,12.0,False,,False,True
0 days 02:28:34.361000,LAW,40,86.134,45.0,3.0,,,28.056,29.694,28.384,0 days 02:27:36.284000,0 days 02:28:05.978000,0 days 02:28:34.362000,313.0,311.0,308.0,326.0,False,MEDIUM,15.0,False,AlphaTauri,0 days 02:27:08.227000,2023-09-03 14:28:09.272,1,12.0,False,,False,True
0 days 02:30:00.379000,LAW,40,86.018,46.0,3.0,,,27.968,29.598,28.452,0 days 02:29:02.330000,0 days 02:29:31.928000,0 days 02:30:00.380000,312.0,311.0,309.0,324.0,False,MEDIUM,16.0,False,AlphaTauri,0 days 02:28:34.361000,2023-09-03 14:29:35.406,1,12.0,False,,False,True
0 days 02:31:27.035000,LAW,40,86.656,47.0,3.0,,,28.444,29.78,28.432,0 days 02:30:28.824000,0 days 02:30:58.604000,0 days 02:31:27.036000,312.0,312.0,309.0,330.0,False,MEDIUM,17.0,False,AlphaTauri,0 days 02:30:00.379000,2023-09-03 14:31:01.424,1,12.0,False,,False,True
0 days 02:32:53.133000,LAW,40,86.098,48.0,3.0,,,28.004,29.678,28.416,0 days 02:31:55.040000,0 days 02:32:24.718000,0 days 02:32:53.134000,314.0,313.0,311.0,333.0,False,MEDIUM,18.0,False,AlphaTauri,0 days 02:31:27.035000,2023-09-03 14:32:28.080,1,12.0,False,,False,True
0 days 02:34:20.368000,LAW,40,87.235,49.0,3.0,,,28.069,30.529,28.637,0 days 02:33:21.203000,0 days 02:33:51.732000,0 days 02:34:20.369000,314.0,328.0,311.0,333.0,False,MEDIUM,19.0,False,AlphaTauri,0 days 02:32:53.133000,2023-09-03 14:33:54.178,1,13.0,False,,False,True
0 days 02:35:46.804000,LAW,40,86.436,50.0,3.0,,,27.879,29.876,28.681,0 days 02:34:48.248000,0 days 02:35:18.124000,0 days 02:35:46.805000,315.0,313.0,310.0,347.0,False,MEDIUM,20.0,False,AlphaTauri,0 days 02:34:20.368000,2023-09-03 14:35:21.413,1,12.0,False,,False,True
0 days 01:25:21.723000,HAM,44,87.837,2.0,1.0,,,28.509,30.313,29.015,0 days 01:24:22.415000,0 days 01:24:52.728000,0 days 01:25:21.743000,316.0,312.0,308.0,308.0,True,HARD,5.0,False,Mercedes,0 days 01:23:53.886000,2023-09-03 13:24:54.931,1,9.0,False,,False,True
0 days 01:26:49.012000,HAM,44,87.289,3.0,1.0,,,28.474,30.067,28.748,0 days 01:25:50.217000,0 days 01:26:20.284000,0 days 01:26:49.032000,311.0,324.0,307.0,306.0,True,HARD,6.0,False,Mercedes,0 days 01:25:21.723000,2023-09-03 13:26:22.768,1,9.0,False,,False,True
0 days 01:28:16.245000,HAM,44,87.233,4.0,1.0,,,28.233,30.219,28.781,0 days 01:27:17.265000,0 days 01:27:47.484000,0 days 01:28:16.265000,309.0,316.0,309.0,311.0,True,HARD,7.0,False,Mercedes,0 days 01:26:49.012000,2023-09-03 13:27:50.057,1,9.0,False,,False,True
0 days 01:29:43.260000,HAM,44,87.015,5.0,1.0,,,28.213,29.93,28.872,0 days 01:28:44.478000,0 days 01:29:14.408000,0 days 01:29:43.280000,312.0,322.0,307.0,315.0,True,HARD,8.0,False,Mercedes,0 days 01:28:16.245000,2023-09-03 13:29:17.290,1,9.0,False,,False,True
0 days 01:31:09.971000,HAM,44,86.711,6.0,1.0,,,28.083,29.977,28.651,0 days 01:30:11.363000,0 days 01:30:41.340000,0 days 01:31:09.991000,315.0,321.0,308.0,329.0,True,HARD,9.0,False,Mercedes,0 days 01:29:43.260000,2023-09-03 13:30:44.305,1,9.0,False,,False,True
0 days 01:32:36.671000,HAM,44,86.7,7.0,1.0,,,28.219,29.869,28.612,0 days 01:31:38.210000,0 days 01:32:08.079000,0 days 01:32:36.691000,313.0,322.0,310.0,322.0,True,HARD,10.0,False,Mercedes,0 days 01:31:09.971000,2023-09-03 13:32:11.016,1,9.0,False,,False,True
0 days 01:34:03.314000,HAM,44,86.643,8.0,1.0,,,28.054,29.813,28.776,0 days 01:33:04.745000,0 days 01:33:34.558000,0 days 01:34:03.334000,315.0,325.0,309.0,322.0,True,HARD,11.0,False,Mercedes,0 days 01:32:36.671000,2023-09-03 13:33:37.716,1,9.0,False,,False,True
0 days 01:35:30.070000,HAM,44,86.756,9.0,1.0,,,28.167,29.727,28.862,0 days 01:34:31.501000,0 days 01:35:01.228000,0 days 01:35:30.090000,312.0,325.0,309.0,323.0,False,HARD,12.0,False,Mercedes,0 days 01:34:03.314000,2023-09-03 13:35:04.359,1,9.0,False,,False,True
0 days 01:36:57.065000,HAM,44,86.995,10.0,1.0,,,28.143,29.905,28.947,0 days 01:35:58.233000,0 days 01:36:28.138000,0 days 01:36:57.085000,317.0,325.0,309.0,321.0,False,HARD,13.0,False,Mercedes,0 days 01:35:30.070000,2023-09-03 13:36:31.115,1,9.0,False,,False,True
0 days 01:38:24.184000,HAM,44,87.119,11.0,1.0,,,28.214,30.146,28.759,0 days 01:37:25.299000,0 days 01:37:55.445000,0 days 01:38:24.204000,316.0,326.0,310.0,322.0,False,HARD,14.0,False,Mercedes,0 days 01:36:57.065000,2023-09-03 13:37:58.110,1,9.0,False,,False,True
0 days 01:39:51.378000,HAM,44,87.194,12.0,1.0,,,28.227,30.281,28.686,0 days 01:38:52.431000,0 days 01:39:22.712000,0 days 01:39:51.398000,314.0,321.0,311.0,319.0,False,HARD,15.0,False,Mercedes,0 days 01:38:24.184000,2023-09-03 13:39:25.229,1,9.0,False,,False,True
0 days 01:41:18.670000,HAM,44,87.292,13.0,1.0,,,28.176,30.296,28.82,0 days 01:40:19.574000,0 days 01:40:49.870000,0 days 01:41:18.690000,318.0,330.0,311.0,325.0,False,HARD,16.0,False,Mercedes,0 days 01:39:51.378000,2023-09-03 13:40:52.423,1,9.0,False,,False,True
0 days 01:42:46.196000,HAM,44,87.526,14.0,1.0,,,28.36,30.268,28.898,0 days 01:41:47.050000,0 days 01:42:17.318000,0 days 01:42:46.216000,315.0,327.0,311.0,336.0,False,HARD,17.0,False,Mercedes,0 days 01:41:18.670000,2023-09-03 13:42:19.715,1,9.0,False,,False,True
0 days 01:44:14.281000,HAM,44,88.085,15.0,1.0,,,28.254,30.62,29.211,0 days 01:43:14.470000,0 days 01:43:45.090000,0 days 01:44:14.301000,318.0,328.0,307.0,323.0,False,HARD,18.0,False,Mercedes,0 days 01:42:46.196000,2023-09-03 13:43:47.241,1,8.0,False,,False,True
0 days 01:45:41.521000,HAM,44,87.24,16.0,1.0,,,28.283,29.987,28.97,0 days 01:44:42.584000,0 days 01:45:12.571000,0 days 01:45:41.541000,315.0,325.0,309.0,324.0,False,HARD,19.0,False,Mercedes,0 days 01:44:14.281000,2023-09-03 13:45:15.326,1,8.0,False,,False,True
0 days 01:47:09.106000,HAM,44,87.585,17.0,1.0,,,28.335,30.308,28.942,0 days 01:46:09.876000,0 days 01:46:40.184000,0 days 01:47:09.126000,312.0,320.0,310.0,326.0,False,HARD,20.0,False,Mercedes,0 days 01:45:41.521000,2023-09-03 13:46:42.566,1,8.0,False,,False,True
0 days 01:48:36.385000,HAM,44,87.279,18.0,1.0,,,28.332,30.182,28.765,0 days 01:47:37.458000,0 days 01:48:07.640000,0 days 01:48:36.405000,314.0,317.0,309.0,317.0,False,HARD,21.0,False,Mercedes,0 days 01:47:09.106000,2023-09-03 13:48:10.151,1,8.0,False,,False,True
0 days 01:50:03.834000,HAM,44,87.449,19.0,1.0,,,28.21,30.319,28.92,0 days 01:49:04.615000,0 days 01:49:34.934000,0 days 01:50:03.854000,317.0,325.0,307.0,320.0,False,HARD,22.0,False,Mercedes,0 days 01:48:36.385000,2023-09-03 13:49:37.430,1,8.0,False,,False,True
0 days 01:51:31.664000,HAM,44,87.83,20.0,1.0,,,28.466,30.411,28.953,0 days 01:50:32.320000,0 days 01:51:02.731000,0 days 01:51:31.684000,310.0,317.0,309.0,321.0,False,HARD,23.0,False,Mercedes,0 days 01:50:03.834000,2023-09-03 13:51:04.879,1,6.0,False,,False,True
0 days 01:52:59.063000,HAM,44,87.399,21.0,1.0,,,28.291,30.39,28.718,0 days 01:51:59.975000,0 days 01:52:30.365000,0 days 01:52:59.083000,315.0,321.0,309.0,317.0,False,HARD,24.0,False,Mercedes,0 days 01:51:31.664000,2023-09-03 13:52:32.709,1,4.0,False,,False,True
0 days 01:54:26.217000,HAM,44,87.154,22.0,1.0,,,28.241,30.338,28.575,0 days 01:53:27.324000,0 days 01:53:57.662000,0 days 01:54:26.237000,317.0,322.0,309.0,325.0,False,HARD,25.0,False,Mercedes,0 days 01:52:59.063000,2023-09-03 13:54:00.108,1,2.0,False,,False,True
0 days 01:55:53.484000,HAM,44,87.267,23.0,1.0,,,28.414,30.195,28.658,0 days 01:54:54.651000,0 days 01:55:24.846000,0 days 01:55:53.504000,313.0,309.0,306.0,321.0,False,HARD,26.0,False,Mercedes,0 days 01:54:26.217000,2023-09-03 13:55:27.262,1,1.0,False,,False,True
0 days 01:57:20.795000,HAM,44,87.311,24.0,1.0,,,28.338,30.116,28.857,0 days 01:56:21.842000,0 days 01:56:51.958000,0 days 01:57:20.815000,310.0,306.0,306.0,322.0,False,HARD,27.0,False,Mercedes,0 days 01:55:53.484000,2023-09-03 13:56:54.529,1,1.0,False,,False,True
0 days 01:58:48.586000,HAM,44,87.791,25.0,1.0,,,28.762,30.462,28.567,0 days 01:57:49.577000,0 days 01:58:20.039000,0 days 01:58:48.606000,311.0,308.0,308.0,322.0,False,HARD,28.0,False,Mercedes,0 days 01:57:20.795000,2023-09-03 13:58:21.840,1,2.0,False,,False,True
0 days 02:00:15.993000,HAM,44,87.407,26.0,1.0,,,28.411,30.213,28.783,0 days 01:59:17.017000,0 days 01:59:47.230000,0 days 02:00:16.013000,313.0,309.0,306.0,315.0,False,HARD,29.0,False,Mercedes,0 days 01:58:48.586000,2023-09-03 13:59:49.631,1,2.0,False,,False,True
0 days 02:05:00.781000,HAM,44,85.582,29.0,2.0,,,27.731,29.45,28.401,0 days 02:04:02.950000,0 days 02:04:32.400000,0 days 02:05:00.801000,320.0,308.0,306.0,345.0,True,MEDIUM,2.0,True,Mercedes,0 days 02:03:35.199000,2023-09-03 14:04:36.244,1,9.0,False,,False,True
0 days 02:06:27.121000,HAM,44,86.34,30.0,2.0,,,28.242,29.728,28.37,0 days 02:05:29.043000,0 days 02:05:58.771000,0 days 02:06:27.141000,306.0,307.0,307.0,297.0,False,MEDIUM,3.0,True,Mercedes,0 days 02:05:00.781000,2023-09-03 14:06:01.826,1,9.0,False,,False,True
0 days 02:07:53.525000,HAM,44,86.404,31.0,2.0,,,28.28,29.678,28.446,0 days 02:06:55.421000,0 days 02:07:25.099000,0 days 02:07:53.545000,310.0,310.0,307.0,300.0,False,MEDIUM,4.0,True,Mercedes,0 days 02:06:27.121000,2023-09-03 14:07:28.166,1,9.0,False,,False,True
0 days 02:09:20.145000,HAM,44,86.62,32.0,2.0,,,28.268,29.827,28.525,0 days 02:08:21.813000,0 days 02:08:51.640000,0 days 02:09:20.165000,310.0,309.0,307.0,307.0,False,MEDIUM,5.0,True,Mercedes,0 days 02:07:53.525000,2023-09-03 14:08:54.570,1,9.0,False,,False,True
0 days 02:10:46.729000,HAM,44,86.584,33.0,2.0,,,28.317,29.769,28.498,0 days 02:09:48.482000,0 days 02:10:18.251000,0 days 02:10:46.749000,309.0,307.0,309.0,305.0,False,MEDIUM,6.0,True,Mercedes,0 days 02:09:20.145000,2023-09-03 14:10:21.190,1,9.0,False,,False,True
0 days 02:12:12.965000,HAM,44,86.236,34.0,2.0,,,28.231,29.565,28.44,0 days 02:11:14.980000,0 days 02:11:44.545000,0 days 02:12:12.985000,311.0,312.0,308.0,310.0,False,MEDIUM,7.0,True,Mercedes,0 days 02:10:46.729000,2023-09-03 14:11:47.774,1,9.0,False,,False,True
0 days 02:13:38.981000,HAM,44,86.016,35.0,2.0,,,28.2,29.528,28.288,0 days 02:12:41.185000,0 days 02:13:10.713000,0 days 02:13:39.001000,312.0,310.0,308.0,314.0,False,MEDIUM,8.0,True,Mercedes,0 days 02:12:12.965000,2023-09-03 14:13:14.010,1,9.0,False,,False,True
0 days 02:15:05.186000,HAM,44,86.205,36.0,2.0,,,28.237,29.691,28.277,0 days 02:14:07.238000,0 days 02:14:36.929000,0 days 02:15:05.206000,310.0,310.0,308.0,315.0,False,MEDIUM,9.0,True,Mercedes,0 days 02:13:38.981000,2023-09-03 14:14:40.026,1,9.0,False,,False,True
0 days 02:16:31.185000,HAM,44,85.999,37.0,2.0,,,28.165,29.626,28.208,0 days 02:15:33.371000,0 days 02:16:02.997000,0 days 02:16:31.205000,312.0,312.0,310.0,313.0,False,MEDIUM,10.0,True,Mercedes,0 days 02:15:05.186000,2023-09-03 14:16:06.231,1,9.0,False,,False,True
0 days 02:17:57.459000,HAM,44,86.274,38.0,2.0,,,28.191,29.81,28.273,0 days 02:16:59.396000,0 days 02:17:29.206000,0 days 02:17:57.479000,310.0,312.0,310.0,312.0,False,MEDIUM,11.0,True,Mercedes,0 days 02:16:31.185000,2023-09-03 14:17:32.230,1,9.0,False,,False,True
0 days 02:19:23.708000,HAM,44,86.249,39.0,2.0,,,28.2,29.837,28.212,0 days 02:18:25.679000,0 days 02:18:55.516000,0 days 02:19:23.728000,314.0,314.0,313.0,312.0,False,MEDIUM,12.0,True,Mercedes,0 days 02:17:57.459000,2023-09-03 14:18:58.504,1,9.0,False,,False,True
0 days 02:23:44.083000,HAM,44,86.216,42.0,2.0,,,28.303,29.7,28.213,0 days 02:22:46.190000,0 days 02:23:15.890000,0 days 02:23:44.103000,310.0,311.0,310.0,311.0,False,MEDIUM,15.0,True,Mercedes,0 days 02:22:17.867000,2023-09-03 14:23:18.912,1,8.0,False,,False,True
0 days 02:25:10.176000,HAM,44,86.093,43.0,2.0,,,28.191,29.702,28.2,0 days 02:24:12.294000,0 days 02:24:41.996000,0 days 02:25:10.196000,311.0,312.0,310.0,311.0,False,MEDIUM,16.0,True,Mercedes,0 days 02:23:44.083000,2023-09-03 14:24:45.128,1,8.0,False,,False,True
0 days 02:26:37.328000,HAM,44,87.152,44.0,2.0,,,28.286,29.995,28.871,0 days 02:25:38.482000,0 days 02:26:08.477000,0 days 02:26:37.348000,310.0,337.0,315.0,312.0,False,MEDIUM,17.0,True,Mercedes,0 days 02:25:10.176000,2023-09-03 14:26:11.221,1,8.0,False,,False,True
0 days 02:28:03.661000,HAM,44,86.333,45.0,2.0,,,28.007,29.815,28.511,0 days 02:27:05.355000,0 days 02:27:35.170000,0 days 02:28:03.681000,315.0,316.0,310.0,345.0,False,MEDIUM,18.0,True,Mercedes,0 days 02:26:37.328000,2023-09-03 14:27:38.373,1,7.0,False,,False,True
0 days 02:29:30.854000,HAM,44,87.193,46.0,2.0,,,28.313,30.328,28.552,0 days 02:28:31.994000,0 days 02:29:02.322000,0 days 02:29:30.874000,319.0,321.0,313.0,344.0,False,MEDIUM,19.0,True,Mercedes,0 days 02:28:03.661000,2023-09-03 14:29:04.706,1,7.0,False,,False,True
0 days 02:30:56.974000,HAM,44,86.12,47.0,2.0,,,28.422,29.673,28.025,0 days 02:29:59.296000,0 days 02:30:28.969000,0 days 02:30:56.994000,319.0,307.0,309.0,330.0,False,MEDIUM,20.0,True,Mercedes,0 days 02:29:30.854000,2023-09-03 14:30:31.899,1,6.0,False,,False,True
0 days 02:32:22.789000,HAM,44,85.815,48.0,2.0,,,28.115,29.489,28.211,0 days 02:31:25.109000,0 days 02:31:54.598000,0 days 02:32:22.809000,307.0,305.0,309.0,317.0,False,MEDIUM,21.0,True,Mercedes,0 days 02:30:56.974000,2023-09-03 14:31:58.019,1,6.0,False,,False,True
0 days 02:33:48.677000,HAM,44,85.888,49.0,2.0,,,28.298,29.417,28.173,0 days 02:32:51.107000,0 days 02:33:20.524000,0 days 02:33:48.697000,314.0,311.0,309.0,309.0,False,MEDIUM,22.0,True,Mercedes,0 days 02:32:22.789000,2023-09-03 14:33:23.834,1,6.0,False,,False,True
0 days 02:35:14.604000,HAM,44,85.927,50.0,2.0,,,28.164,29.526,28.237,0 days 02:34:16.861000,0 days 02:34:46.387000,0 days 02:35:14.624000,312.0,309.0,309.0,315.0,False,MEDIUM,23.0,True,Mercedes,0 days 02:33:48.677000,2023-09-03 14:34:49.722,1,6.0,False,,False,True
0 days 02:36:40.697000,HAM,44,86.093,51.0,2.0,,,28.147,29.595,28.351,0 days 02:35:42.771000,0 days 02:36:12.366000,0 days 02:36:40.717000,311.0,308.0,309.0,316.0,False,MEDIUM,24.0,True,Mercedes,0 days 02:35:14.604000,2023-09-03 14:36:15.649,1,6.0,False,,False,True
0 days 01:25:14.998000,SAI,55,86.006,2.0,1.0,,,28.266,29.312,28.428,0 days 01:24:17.279000,0 days 01:24:46.591000,0 days 01:25:15.019000,303.0,302.0,305.0,304.0,True,MEDIUM,2.0,True,Ferrari,0 days 01:23:48.992000,2023-09-03 13:24:50.037,1,1.0,False,,False,True
0 days 01:26:40.974000,SAI,55,85.976,3.0,1.0,,,28.262,29.365,28.349,0 days 01:25:43.281000,0 days 01:26:12.646000,0 days 01:26:40.995000,303.0,302.0,305.0,306.0,True,MEDIUM,3.0,True,Ferrari,0 days 01:25:14.998000,2023-09-03 13:26:16.043,1,1.0,False,,False,True
0 days 01:28:07.041000,SAI,55,86.067,4.0,1.0,,,28.388,29.335,28.344,0 days 01:27:09.383000,0 days 01:27:38.718000,0 days 01:28:07.062000,305.0,304.0,308.0,308.0,False,MEDIUM,4.0,True,Ferrari,0 days 01:26:40.974000,2023-09-03 13:27:42.019,1,1.0,False,,False,True
0 days 01:29:33.464000,SAI,55,86.423,5.0,1.0,,,28.308,29.622,28.493,0 days 01:28:35.370000,0 days 01:29:04.992000,0 days 01:29:33.485000,304.0,301.0,307.0,308.0,False,MEDIUM,5.0,True,Ferrari,0 days 01:28:07.041000,2023-09-03 13:29:08.086,1,1.0,False,,False,True
0 days 01:31:00.079000,SAI,55,86.615,6.0,1.0,,,28.554,29.662,28.399,0 days 01:30:02.039000,0 days 01:30:31.701000,0 days 01:31:00.100000,306.0,304.0,307.0,323.0,False,MEDIUM,6.0,True,Ferrari,0 days 01:29:33.464000,2023-09-03 13:30:34.509,1,1.0,False,,False,True
0 days 01:32:26.437000,SAI,55,86.358,7.0,1.0,,,28.328,29.672,28.358,0 days 01:31:28.428000,0 days 01:31:58.100000,0 days 01:32:26.458000,305.0,305.0,308.0,309.0,False,MEDIUM,7.0,True,Ferrari,0 days 01:31:00.079000,2023-09-03 13:32:01.124,1,1.0,False,,False,True
0 days 01:33:52.661000,SAI,55,86.224,8.0,1.0,,,28.208,29.541,28.475,0 days 01:32:54.666000,0 days 01:33:24.207000,0 days 01:33:52.682000,305.0,304.0,308.0,314.0,False,MEDIUM,8.0,True,Ferrari,0 days 01:32:26.437000,2023-09-03 13:33:27.482,1,1.0,False,,False,True
0 days 01:35:19.137000,SAI,55,86.476,9.0,1.0,,,28.244,29.82,28.412,0 days 01:34:20.926000,0 days 01:34:50.746000,0 days 01:35:19.158000,305.0,302.0,307.0,330.0,False,MEDIUM,9.0,True,Ferrari,0 days 01:33:52.661000,2023-09-03 13:34:53.706,1,1.0,False,,False,True
0 days 01:36:45.648000,SAI,55,86.511,10.0,1.0,,,28.397,29.672,28.442,0 days 01:35:47.555000,0 days 01:36:17.227000,0 days 01:36:45.669000,306.0,302.0,307.0,314.0,False,MEDIUM,10.0,True,Ferrari,0 days 01:35:19.137000,2023-09-03 13:36:20.182,1,1.0,False,,False,True
0 days 01:38:12.339000,SAI,55,86.691,11.0,1.0,,,28.401,29.892,28.398,0 days 01:37:14.070000,0 days 01:37:43.962000,0 days 01:38:12.360000,305.0,304.0,307.0,309.0,False,MEDIUM,11.0,True,Ferrari,0 days 01:36:45.648000,2023-09-03 13:37:46.693,1,1.0,False,,False,True
0 days 01:39:38.747000,SAI,55,86.408,12.0,1.0,,,28.24,29.744,28.424,0 days 01:38:40.600000,0 days 01:39:10.344000,0 days 01:39:38.768000,308.0,307.0,307.0,312.0,False,MEDIUM,12.0,True,Ferrari,0 days 01:38:12.339000,2023-09-03 13:39:13.384,1,1.0,False,,False,True
0 days 01:41:05.634000,SAI,55,86.887,13.0,1.0,,,28.437,29.961,28.489,0 days 01:40:07.205000,0 days 01:40:37.166000,0 days 01:41:05.655000,307.0,306.0,306.0,310.0,False,MEDIUM,13.0,True,Ferrari,0 days 01:39:38.747000,2023-09-03 13:40:39.792,1,1.0,False,,False,True
0 days 01:42:32.606000,SAI,55,86.972,14.0,1.0,,,28.356,30.156,28.46,0 days 01:41:34.011000,0 days 01:42:04.167000,0 days 01:42:32.627000,309.0,303.0,308.0,329.0,False,MEDIUM,14.0,True,Ferrari,0 days 01:41:05.634000,2023-09-03 13:42:06.679,1,1.0,False,,False,True
0 days 01:44:00.825000,SAI,55,88.219,15.0,1.0,,,28.562,31.139,28.518,0 days 01:43:01.189000,0 days 01:43:32.328000,0 days 01:44:00.846000,320.0,319.0,308.0,327.0,False,MEDIUM,15.0,True,Ferrari,0 days 01:42:32.606000,2023-09-03 13:43:33.651,1,2.0,False,,False,True
0 days 01:45:28.148000,SAI,55,87.323,16.0,1.0,,,28.387,30.36,28.576,0 days 01:44:29.233000,0 days 01:44:59.593000,0 days 01:45:28.169000,309.0,307.0,309.0,327.0,False,MEDIUM,16.0,True,Ferrari,0 days 01:44:00.825000,2023-09-03 13:45:01.870,1,2.0,False,,False,True
0 days 01:46:55.869000,SAI,55,87.721,17.0,1.0,,,28.46,30.585,28.676,0 days 01:45:56.629000,0 days 01:46:27.214000,0 days 01:46:55.890000,310.0,306.0,309.0,313.0,False,MEDIUM,17.0,True,Ferrari,0 days 01:45:28.148000,2023-09-03 13:46:29.193,1,2.0,False,,False,True
0 days 01:48:23.381000,SAI,55,87.512,18.0,1.0,,,28.306,30.501,28.705,0 days 01:47:24.196000,0 days 01:47:54.697000,0 days 01:48:23.402000,310.0,306.0,309.0,319.0,False,MEDIUM,18.0,True,Ferrari,0 days 01:46:55.869000,2023-09-03 13:47:56.914,1,2.0,False,,False,True
0 days 01:53:08.201000,SAI,55,86.146,21.0,2.0,,,28.249,29.705,28.192,0 days 01:52:10.325000,0 days 01:52:40.030000,0 days 01:53:08.222000,310.0,304.0,310.0,320.0,False,HARD,2.0,True,Ferrari,0 days 01:51:42.055000,2023-09-03 13:52:43.100,1,7.0,False,,False,True
0 days 01:54:33.759000,SAI,55,85.558,22.0,2.0,,,28.19,29.222,28.146,0 days 01:53:36.412000,0 days 01:54:05.634000,0 days 01:54:33.780000,308.0,308.0,310.0,312.0,True,HARD,3.0,True,Ferrari,0 days 01:53:08.201000,2023-09-03 13:54:09.246,1,5.0,False,,False,True
0 days 01:55:59.552000,SAI,55,85.793,23.0,2.0,,,28.14,29.449,28.204,0 days 01:55:01.920000,0 days 01:55:31.369000,0 days 01:55:59.573000,308.0,306.0,309.0,311.0,False,HARD,4.0,True,Ferrari,0 days 01:54:33.759000,2023-09-03 13:55:34.804,1,4.0,False,,False,True
0 days 01:57:25.454000,SAI,55,85.902,24.0,2.0,,,28.144,29.514,28.244,0 days 01:56:27.717000,0 days 01:56:57.231000,0 days 01:57:25.475000,307.0,308.0,310.0,313.0,False,HARD,5.0,True,Ferrari,0 days 01:55:59.552000,2023-09-03 13:57:00.597,1,3.0,False,,False,True
0 days 01:58:51.459000,SAI,55,86.005,25.0,2.0,,,28.139,29.643,28.223,0 days 01:57:53.614000,0 days 01:58:23.257000,0 days 01:58:51.480000,307.0,310.0,310.0,315.0,False,HARD,6.0,True,Ferrari,0 days 01:57:25.454000,2023-09-03 13:58:26.499,1,3.0,False,,False,True
0 days 02:00:17.295000,SAI,55,85.836,26.0,2.0,,,28.117,29.485,28.234,0 days 01:59:19.597000,0 days 01:59:49.082000,0 days 02:00:17.316000,310.0,311.0,311.0,316.0,False,HARD,7.0,True,Ferrari,0 days 01:58:51.459000,2023-09-03 13:59:52.504,1,3.0,False,,False,True
0 days 02:01:43.460000,SAI,55,86.165,27.0,2.0,,,28.108,29.483,28.574,0 days 02:00:45.424000,0 days 02:01:14.907000,0 days 02:01:43.481000,312.0,341.0,308.0,320.0,False,HARD,8.0,True,Ferrari,0 days 02:00:17.295000,2023-09-03 14:01:18.340,1,2.0,False,,False,True
0 days 02:03:09.230000,SAI,55,85.77,28.0,2.0,,,28.081,29.476,28.213,0 days 02:02:11.562000,0 days 02:02:41.038000,0 days 02:03:09.251000,310.0,309.0,308.0,316.0,False,HARD,9.0,True,Ferrari,0 days 02:01:43.460000,2023-09-03 14:02:44.505,1,2.0,False,,False,True
0 days 02:04:34.950000,SAI,55,85.72,29.0,2.0,,,28.136,29.455,28.129,0 days 02:03:37.387000,0 days 02:04:06.842000,0 days 02:04:34.971000,312.0,309.0,308.0,314.0,False,HARD,10.0,True,Ferrari,0 days 02:03:09.230000,2023-09-03 14:04:10.275,1,2.0,False,,False,True
0 days 02:06:00.451000,SAI,55,85.501,30.0,2.0,,,28.096,29.328,28.077,0 days 02:05:03.067000,0 days 02:05:32.395000,0 days 02:06:00.472000,312.0,310.0,309.0,314.0,True,HARD,11.0,True,Ferrari,0 days 02:04:34.950000,2023-09-03 14:05:35.995,1,2.0,False,,False,True
0 days 02:07:26.169000,SAI,55,85.718,31.0,2.0,,,28.057,29.589,28.072,0 days 02:06:28.529000,0 days 02:06:58.118000,0 days 02:07:26.190000,311.0,309.0,309.0,314.0,False,HARD,12.0,True,Ferrari,0 days 02:06:00.451000,2023-09-03 14:07:01.496,1,2.0,False,,False,True
0 days 02:08:52.065000,SAI,55,85.896,32.0,2.0,,,28.076,29.523,28.297,0 days 02:07:54.266000,0 days 02:08:23.789000,0 days 02:08:52.086000,310.0,309.0,310.0,315.0,False,HARD,13.0,True,Ferrari,0 days 02:07:26.169000,2023-09-03 14:08:27.214,1,2.0,False,,False,True
0 days 02:10:17.991000,SAI,55,85.926,33.0,2.0,,,28.054,29.676,28.196,0 days 02:09:20.140000,0 days 02:09:49.816000,0 days 02:10:18.012000,313.0,310.0,310.0,315.0,False,HARD,14.0,True,Ferrari,0 days 02:08:52.065000,2023-09-03 14:09:53.110,1,2.0,False,,False,True
0 days 02:11:44.117000,SAI,55,86.126,34.0,2.0,,,28.149,29.656,28.321,0 days 02:10:46.161000,0 days 02:11:15.817000,0 days 02:11:44.138000,311.0,312.0,310.0,315.0,False,HARD,15.0,True,Ferrari,0 days 02:10:17.991000,2023-09-03 14:11:19.036,1,2.0,False,,False,True
0 days 02:13:09.906000,SAI,55,85.789,35.0,2.0,,,28.037,29.62,28.132,0 days 02:12:12.175000,0 days 02:12:41.795000,0 days 02:13:09.927000,312.0,313.0,311.0,316.0,False,HARD,16.0,True,Ferrari,0 days 02:11:44.117000,2023-09-03 14:12:45.162,1,2.0,False,,False,True
0 days 02:14:35.917000,SAI,55,86.011,36.0,2.0,,,28.106,29.731,28.174,0 days 02:13:38.033000,0 days 02:14:07.764000,0 days 02:14:35.938000,310.0,311.0,311.0,318.0,False,HARD,17.0,True,Ferrari,0 days 02:13:09.906000,2023-09-03 14:14:10.951,1,2.0,False,,False,True
0 days 02:16:01.803000,SAI,55,85.886,37.0,2.0,,,27.998,29.719,28.169,0 days 02:15:03.936000,0 days 02:15:33.655000,0 days 02:16:01.824000,315.0,314.0,311.0,319.0,False,HARD,18.0,True,Ferrari,0 days 02:14:35.917000,2023-09-03 14:15:36.962,1,2.0,False,,False,True
0 days 02:17:27.508000,SAI,55,85.705,38.0,2.0,,,27.936,29.713,28.056,0 days 02:16:29.760000,0 days 02:16:59.473000,0 days 02:17:27.529000,315.0,313.0,312.0,319.0,False,HARD,19.0,True,Ferrari,0 days 02:16:01.803000,2023-09-03 14:17:02.848,1,2.0,False,,False,True
0 days 02:18:53.432000,SAI,55,85.924,39.0,2.0,,,28.052,29.689,28.183,0 days 02:17:55.581000,0 days 02:18:25.270000,0 days 02:18:53.453000,314.0,313.0,313.0,319.0,False,HARD,20.0,True,Ferrari,0 days 02:17:27.508000,2023-09-03 14:18:28.553,1,2.0,False,,False,True
0 days 02:20:19.554000,SAI,55,86.122,40.0,2.0,,,28.028,29.753,28.341,0 days 02:19:21.481000,0 days 02:19:51.234000,0 days 02:20:19.575000,315.0,312.0,310.0,320.0,False,HARD,21.0,True,Ferrari,0 days 02:18:53.432000,2023-09-03 14:19:54.477,1,2.0,False,,False,True
0 days 02:21:46.292000,SAI,55,86.738,41.0,2.0,,,28.166,30.232,28.34,0 days 02:20:47.741000,0 days 02:21:17.973000,0 days 02:21:46.313000,316.0,311.0,311.0,334.0,False,HARD,22.0,True,Ferrari,0 days 02:20:19.554000,2023-09-03 14:21:20.599,1,2.0,False,,False,True
0 days 02:23:12.771000,SAI,55,86.479,42.0,2.0,,,28.098,30.098,28.283,0 days 02:22:14.411000,0 days 02:22:44.509000,0 days 02:23:12.792000,311.0,313.0,310.0,335.0,False,HARD,23.0,True,Ferrari,0 days 02:21:46.292000,2023-09-03 14:22:47.337,1,2.0,False,,False,True
0 days 02:24:39.360000,SAI,55,86.589,43.0,2.0,,,28.243,30.069,28.277,0 days 02:23:41.035000,0 days 02:24:11.104000,0 days 02:24:39.381000,312.0,312.0,311.0,330.0,False,HARD,24.0,True,Ferrari,0 days 02:23:12.771000,2023-09-03 14:24:13.816,1,2.0,False,,False,True
0 days 02:26:05.790000,SAI,55,86.43,44.0,2.0,,,28.333,29.839,28.258,0 days 02:25:07.714000,0 days 02:25:37.553000,0 days 02:26:05.811000,311.0,312.0,311.0,316.0,False,HARD,25.0,True,Ferrari,0 days 02:24:39.360000,2023-09-03 14:25:40.405,1,2.0,False,,False,True
0 days 02:27:32.422000,SAI,55,86.632,45.0,2.0,,,28.283,30.144,28.205,0 days 02:26:34.094000,0 days 02:27:04.238000,0 days 02:27:32.443000,313.0,310.0,311.0,335.0,False,HARD,26.0,True,Ferrari,0 days 02:26:05.790000,2023-09-03 14:27:06.835,1,2.0,False,,False,True
0 days 02:28:59.725000,SAI,55,87.303,46.0,2.0,,,28.538,30.435,28.33,0 days 02:28:00.981000,0 days 02:28:31.416000,0 days 02:28:59.746000,318.0,314.0,313.0,325.0,False,HARD,27.0,True,Ferrari,0 days 02:27:32.422000,2023-09-03 14:28:33.467,1,3.0,False,,False,True
0 days 02:31:53.621000,SAI,55,86.8,48.0,2.0,,,28.366,30.083,28.351,0 days 02:30:55.208000,0 days 02:31:25.291000,0 days 02:31:53.642000,311.0,310.0,311.0,325.0,False,HARD,29.0,True,Ferrari,0 days 02:30:26.821000,2023-09-03 14:31:27.866,1,3.0,False,,False,True
0 days 02:33:20.391000,SAI,55,86.77,49.0,2.0,,,28.303,30.127,28.34,0 days 02:32:21.945000,0 days 02:32:52.072000,0 days 02:33:20.412000,313.0,312.0,313.0,320.0,False,HARD,30.0,True,Ferrari,0 days 02:31:53.621000,2023-09-03 14:32:54.666,1,3.0,False,,False,True
0 days 02:34:47.167000,SAI,55,86.776,50.0,2.0,,,28.355,30.212,28.209,0 days 02:33:48.767000,0 days 02:34:18.979000,0 days 02:34:47.188000,310.0,311.0,312.0,336.0,False,HARD,31.0,True,Ferrari,0 days 02:33:20.391000,2023-09-03 14:34:21.436,1,3.0,False,,False,True
0 days 02:36:14.211000,SAI,55,87.044,51.0,2.0,,,28.18,30.383,28.481,0 days 02:35:15.368000,0 days 02:35:45.751000,0 days 02:36:14.232000,312.0,307.0,312.0,336.0,False,HARD,32.0,True,Ferrari,0 days 02:34:47.167000,2023-09-03 14:35:48.212,1,3.0,False,,False,True
0 days 01:25:17.900000,RUS,63,86.686,2.0,1.0,,,28.274,29.786,28.626,0 days 01:24:19.498000,0 days 01:24:49.284000,0 days 01:25:17.910000,309.0,309.0,305.0,317.0,True,MEDIUM,2.0,True,Mercedes,0 days 01:23:51.214000,2023-09-03 13:24:52.259,1,4.0,False,,False,True
0 days 01:26:44.076000,RUS,63,86.176,3.0,1.0,,,28.187,29.427,28.562,0 days 01:25:46.097000,0 days 01:26:15.524000,0 days 01:26:44.086000,318.0,313.0,306.0,305.0,True,MEDIUM,3.0,True,Mercedes,0 days 01:25:17.900000,2023-09-03 13:26:18.945,1,4.0,False,,False,True
0 days 01:28:10.254000,RUS,63,86.178,4.0,1.0,,,28.205,29.617,28.356,0 days 01:27:12.291000,0 days 01:27:41.908000,0 days 01:28:10.264000,310.0,314.0,308.0,312.0,False,MEDIUM,4.0,True,Mercedes,0 days 01:26:44.076000,2023-09-03 13:27:45.121,1,4.0,False,,False,True
0 days 01:29:36.503000,RUS,63,86.249,5.0,1.0,,,28.172,29.656,28.421,0 days 01:28:38.436000,0 days 01:29:08.092000,0 days 01:29:36.513000,308.0,314.0,308.0,333.0,False,MEDIUM,5.0,True,Mercedes,0 days 01:28:10.254000,2023-09-03 13:29:11.299,1,4.0,False,,False,True
0 days 01:31:03.018000,RUS,63,86.515,6.0,1.0,,,28.302,29.707,28.506,0 days 01:30:04.815000,0 days 01:30:34.522000,0 days 01:31:03.028000,307.0,316.0,307.0,312.0,False,MEDIUM,6.0,True,Mercedes,0 days 01:29:36.503000,2023-09-03 13:30:37.548,1,4.0,False,,False,True
0 days 01:32:29.533000,RUS,63,86.515,7.0,1.0,,,28.234,29.826,28.455,0 days 01:31:31.262000,0 days 01:32:01.088000,0 days 01:32:29.543000,306.0,312.0,308.0,319.0,False,MEDIUM,7.0,True,Mercedes,0 days 01:31:03.018000,2023-09-03 13:32:04.063,1,4.0,False,,False,True
0 days 01:33:56.127000,RUS,63,86.594,8.0,1.0,,,28.119,29.915,28.56,0 days 01:32:57.662000,0 days 01:33:27.577000,0 days 01:33:56.137000,321.0,311.0,307.0,334.0,False,MEDIUM,8.0,True,Mercedes,0 days 01:32:29.533000,2023-09-03 13:33:30.578,1,4.0,False,,False,True
0 days 01:35:22.837000,RUS,63,86.71,9.0,1.0,,,28.433,29.741,28.536,0 days 01:34:24.570000,0 days 01:34:54.311000,0 days 01:35:22.847000,306.0,311.0,307.0,304.0,False,MEDIUM,9.0,True,Mercedes,0 days 01:33:56.127000,2023-09-03 13:34:57.172,1,4.0,False,,False,True
0 days 01:36:49.492000,RUS,63,86.655,10.0,1.0,,,28.267,29.753,28.635,0 days 01:35:51.114000,0 days 01:36:20.867000,0 days 01:36:49.502000,310.0,314.0,307.0,320.0,False,MEDIUM,10.0,True,Mercedes,0 days 01:35:22.837000,2023-09-03 13:36:23.882,1,4.0,False,,False,True
0 days 01:38:16.678000,RUS,63,87.186,11.0,1.0,,,28.33,30.182,28.674,0 days 01:37:17.832000,0 days 01:37:48.014000,0 days 01:38:16.688000,313.0,311.0,307.0,330.0,False,MEDIUM,11.0,True,Mercedes,0 days 01:36:49.492000,2023-09-03 13:37:50.537,1,4.0,False,,False,True
0 days 01:39:43.722000,RUS,63,87.044,12.0,1.0,,,28.31,30.143,28.591,0 days 01:38:44.998000,0 days 01:39:15.141000,0 days 01:39:43.732000,307.0,310.0,307.0,331.0,False,MEDIUM,12.0,True,Mercedes,0 days 01:38:16.678000,2023-09-03 13:39:17.723,1,4.0,False,,False,True
0 days 01:41:10.684000,RUS,63,86.962,13.0,1.0,,,28.313,30.16,28.489,0 days 01:40:12.045000,0 days 01:40:42.205000,0 days 01:41:10.694000,306.0,308.0,307.0,330.0,False,MEDIUM,13.0,True,Mercedes,0 days 01:39:43.722000,2023-09-03 13:40:44.767,1,4.0,False,,False,True
0 days 01:44:04.974000,RUS,63,87.005,15.0,1.0,,,28.352,30.155,28.498,0 days 01:43:06.331000,0 days 01:43:36.486000,0 days 01:44:04.984000,309.0,311.0,306.0,316.0,False,MEDIUM,15.0,True,Mercedes,0 days 01:42:37.969000,2023-09-03 13:43:39.014,1,4.0,False,,False,True
0 days 01:45:32.950000,RUS,63,87.976,16.0,1.0,,,28.483,30.822,28.671,0 days 01:44:33.467000,0 days 01:45:04.289000,0 days 01:45:32.960000,328.0,323.0,308.0,331.0,False,MEDIUM,16.0,True,Mercedes,0 days 01:44:04.974000,2023-09-03 13:45:06.019,1,5.0,False,,False,True
0 days 01:47:00.005000,RUS,63,87.055,17.0,1.0,,,28.502,30.069,28.484,0 days 01:46:01.462000,0 days 01:46:31.531000,0 days 01:47:00.015000,325.0,328.0,308.0,313.0,False,MEDIUM,17.0,True,Mercedes,0 days 01:45:32.950000,2023-09-03 13:46:33.995,1,5.0,False,,False,True
0 days 01:48:27.388000,RUS,63,87.383,18.0,1.0,,,28.386,30.34,28.657,0 days 01:47:28.401000,0 days 01:47:58.741000,0 days 01:48:27.398000,315.0,319.0,308.0,330.0,False,MEDIUM,18.0,True,Mercedes,0 days 01:47:00.005000,2023-09-03 13:48:01.050,1,5.0,False,,False,True
0 days 01:53:11.039000,RUS,63,86.456,21.0,2.0,,,28.308,29.601,28.547,0 days 01:52:12.901000,0 days 01:52:42.502000,0 days 01:53:11.049000,311.0,321.0,307.0,321.0,False,HARD,5.0,False,Mercedes,0 days 01:51:44.583000,2023-09-03 13:52:45.628,1,9.0,False,,False,True
0 days 01:54:37.754000,RUS,63,86.715,22.0,2.0,,,28.253,29.891,28.571,0 days 01:53:39.302000,0 days 01:54:09.193000,0 days 01:54:37.764000,313.0,311.0,308.0,316.0,False,HARD,6.0,False,Mercedes,0 days 01:53:11.039000,2023-09-03 13:54:12.084,1,8.0,False,,False,True
0 days 01:56:04.359000,RUS,63,86.605,23.0,2.0,,,28.145,29.888,28.572,0 days 01:55:05.909000,0 days 01:55:35.797000,0 days 01:56:04.369000,312.0,311.0,308.0,315.0,False,HARD,7.0,False,Mercedes,0 days 01:54:37.754000,2023-09-03 13:55:38.799,1,7.0,False,,False,True
0 days 01:57:31.030000,RUS,63,86.671,24.0,2.0,,,28.215,29.873,28.583,0 days 01:56:32.584000,0 days 01:57:02.457000,0 days 01:57:31.040000,309.0,312.0,308.0,315.0,False,HARD,8.0,False,Mercedes,0 days 01:56:04.359000,2023-09-03 13:57:05.404,1,6.0,False,,False,True
0 days 01:58:57.350000,RUS,63,86.32,25.0,2.0,,,28.213,29.64,28.467,0 days 01:57:59.253000,0 days 01:58:28.893000,0 days 01:58:57.360000,310.0,312.0,307.0,312.0,False,HARD,9.0,False,Mercedes,0 days 01:57:31.030000,2023-09-03 13:58:32.075,1,6.0,False,,False,True
0 days 02:00:23.760000,RUS,63,86.41,26.0,2.0,,,28.264,29.755,28.391,0 days 01:59:25.624000,0 days 01:59:55.379000,0 days 02:00:23.770000,312.0,313.0,307.0,315.0,False,HARD,10.0,False,Mercedes,0 days 01:58:57.350000,2023-09-03 13:59:58.395,1,6.0,False,,False,True
0 days 02:01:49.944000,RUS,63,86.184,27.0,2.0,,,28.172,29.571,28.441,0 days 02:00:51.942000,0 days 02:01:21.513000,0 days 02:01:49.954000,314.0,316.0,307.0,316.0,False,HARD,11.0,False,Mercedes,0 days 02:00:23.760000,2023-09-03 14:01:24.805,1,6.0,False,,False,True
0 days 02:03:16.228000,RUS,63,86.284,28.0,2.0,,,28.272,29.674,28.338,0 days 02:02:18.226000,0 days 02:02:47.900000,0 days 02:03:16.238000,312.0,312.0,307.0,313.0,False,HARD,12.0,False,Mercedes,0 days 02:01:49.944000,2023-09-03 14:02:50.989,1,5.0,False,,False,True
0 days 02:04:42.368000,RUS,63,86.14,29.0,2.0,,,28.321,29.54,28.279,0 days 02:03:44.559000,0 days 02:04:14.099000,0 days 02:04:42.378000,314.0,314.0,307.0,317.0,True,HARD,13.0,False,Mercedes,0 days 02:03:16.228000,2023-09-03 14:04:17.273,1,5.0,False,,False,True
0 days 02:06:08.334000,RUS,63,85.966,30.0,2.0,,,28.299,29.436,28.231,0 days 02:05:10.677000,0 days 02:05:40.113000,0 days 02:06:08.344000,316.0,314.0,308.0,317.0,True,HARD,14.0,False,Mercedes,0 days 02:04:42.368000,2023-09-03 14:05:43.413,1,5.0,False,,False,True
0 days 02:07:34.482000,RUS,63,86.148,31.0,2.0,,,28.212,29.697,28.239,0 days 02:06:36.556000,0 days 02:07:06.253000,0 days 02:07:34.492000,314.0,313.0,309.0,313.0,False,HARD,15.0,False,Mercedes,0 days 02:06:08.334000,2023-09-03 14:07:09.379,1,5.0,False,,False,True
0 days 02:09:00.541000,RUS,63,86.059,32.0,2.0,,,28.168,29.632,28.259,0 days 02:08:02.660000,0 days 02:08:32.292000,0 days 02:09:00.551000,311.0,311.0,309.0,314.0,False,HARD,16.0,False,Mercedes,0 days 02:07:34.482000,2023-09-03 14:08:35.527,1,5.0,False,,False,True
0 days 02:10:26.702000,RUS,63,86.161,33.0,2.0,,,28.213,29.716,28.232,0 days 02:09:28.764000,0 days 02:09:58.480000,0 days 02:10:26.712000,312.0,310.0,309.0,314.0,False,HARD,17.0,False,Mercedes,0 days 02:09:00.541000,2023-09-03 14:10:01.586,1,5.0,False,,False,True
0 days 02:11:52.821000,RUS,63,86.119,34.0,2.0,,,28.165,29.718,28.236,0 days 02:10:54.877000,0 days 02:11:24.595000,0 days 02:11:52.831000,315.0,314.0,309.0,313.0,False,HARD,18.0,False,Mercedes,0 days 02:10:26.702000,2023-09-03 14:11:27.747,1,5.0,False,,False,True
0 days 02:13:19.010000,RUS,63,86.189,35.0,2.0,,,28.084,29.754,28.351,0 days 02:12:20.915000,0 days 02:12:50.669000,0 days 02:13:19.020000,313.0,312.0,308.0,311.0,False,HARD,19.0,False,Mercedes,0 days 02:11:52.821000,2023-09-03 14:12:53.866,1,5.0,False,,False,True
0 days 02:14:45.381000,RUS,63,86.371,36.0,2.0,,,28.235,29.902,28.234,0 days 02:13:47.255000,0 days 02:14:17.157000,0 days 02:14:45.391000,313.0,312.0,308.0,314.0,False,HARD,20.0,False,Mercedes,0 days 02:13:19.010000,2023-09-03 14:14:20.055,1,5.0,False,,False,True
0 days 02:16:11.378000,RUS,63,85.997,37.0,2.0,,,28.056,29.721,28.22,0 days 02:15:13.447000,0 days 02:15:43.168000,0 days 02:16:11.388000,314.0,313.0,309.0,318.0,False,HARD,21.0,False,Mercedes,0 days 02:14:45.381000,2023-09-03 14:15:46.426,1,5.0,False,,False,True
0 days 02:17:37.225000,RUS,63,85.847,38.0,2.0,,,28.065,29.545,28.237,0 days 02:16:39.453000,0 days 02:17:08.998000,0 days 02:17:37.235000,315.0,313.0,309.0,319.0,True,HARD,22.0,False,Mercedes,0 days 02:16:11.378000,2023-09-03 14:17:12.423,1,5.0,False,,False,True
0 days 02:19:03.435000,RUS,63,86.21,39.0,2.0,,,28.155,29.808,28.247,0 days 02:18:05.390000,0 days 02:18:35.198000,0 days 02:19:03.445000,315.0,311.0,309.0,319.0,False,HARD,23.0,False,Mercedes,0 days 02:17:37.225000,2023-09-03 14:18:38.270,1,5.0,False,,False,True
0 days 02:20:29.679000,RUS,63,86.244,40.0,2.0,,,28.212,29.804,28.228,0 days 02:19:31.657000,0 days 02:20:01.461000,0 days 02:20:29.689000,316.0,313.0,309.0,319.0,False,HARD,24.0,False,Mercedes,0 days 02:19:03.435000,2023-09-03 14:20:04.480,1,5.0,False,,False,True
0 days 02:21:56.293000,RUS,63,86.614,41.0,2.0,,,28.244,29.955,28.415,0 days 02:20:57.933000,0 days 02:21:27.888000,0 days 02:21:56.303000,315.0,313.0,309.0,318.0,False,HARD,25.0,False,Mercedes,0 days 02:20:29.679000,2023-09-03 14:21:30.724,1,5.0,False,,False,True
0 days 02:23:22.628000,RUS,63,86.335,42.0,2.0,,,28.23,29.751,28.354,0 days 02:22:24.533000,0 days 02:22:54.284000,0 days 02:23:22.638000,317.0,316.0,308.0,316.0,False,HARD,26.0,False,Mercedes,0 days 02:21:56.293000,2023-09-03 14:22:57.338,1,5.0,False,,False,True
0 days 02:24:49.054000,RUS,63,86.426,43.0,2.0,,,28.248,29.841,28.337,0 days 02:23:50.886000,0 days 02:24:20.727000,0 days 02:24:49.064000,313.0,313.0,309.0,313.0,False,HARD,27.0,False,Mercedes,0 days 02:23:22.628000,2023-09-03 14:24:23.673,1,5.0,False,,False,True
0 days 02:26:15.390000,RUS,63,86.336,44.0,2.0,,,28.274,29.817,28.245,0 days 02:25:17.338000,0 days 02:25:47.155000,0 days 02:26:15.400000,316.0,315.0,309.0,316.0,False,HARD,28.0,False,Mercedes,0 days 02:24:49.054000,2023-09-03 14:25:50.099,1,5.0,False,,False,True
0 days 02:27:41.784000,RUS,63,86.394,45.0,2.0,,,28.146,29.972,28.276,0 days 02:26:43.546000,0 days 02:27:13.518000,0 days 02:27:41.794000,317.0,315.0,309.0,317.0,False,HARD,29.0,False,Mercedes,0 days 02:26:15.390000,2023-09-03 14:27:16.435,1,5.0,False,,False,True
0 days 02:29:08.242000,RUS,63,86.458,46.0,2.0,,,28.181,29.94,28.337,0 days 02:28:09.975000,0 days 02:28:39.915000,0 days 02:29:08.252000,315.0,313.0,310.0,316.0,False,HARD,30.0,False,Mercedes,0 days 02:27:41.784000,2023-09-03 14:28:42.829,1,5.0,False,,False,True
0 days 02:30:34.882000,RUS,63,86.64,47.0,2.0,,,28.178,30.067,28.395,0 days 02:29:36.430000,0 days 02:30:06.497000,0 days 02:30:34.892000,316.0,315.0,310.0,317.0,False,HARD,31.0,False,Mercedes,0 days 02:29:08.242000,2023-09-03 14:30:09.287,1,5.0,False,,False,True
0 days 02:32:01.169000,RUS,63,86.287,48.0,2.0,,,28.13,29.77,28.387,0 days 02:31:03.022000,0 days 02:31:32.792000,0 days 02:32:01.179000,316.0,314.0,310.0,317.0,False,HARD,32.0,False,Mercedes,0 days 02:30:34.882000,2023-09-03 14:31:35.927,1,5.0,False,,False,True
0 days 02:33:27.544000,RUS,63,86.375,49.0,2.0,,,28.077,29.921,28.377,0 days 02:32:29.256000,0 days 02:32:59.177000,0 days 02:33:27.554000,316.0,315.0,311.0,319.0,False,HARD,33.0,False,Mercedes,0 days 02:32:01.169000,2023-09-03 14:33:02.214,1,5.0,False,,False,True
0 days 02:34:54.418000,RUS,63,86.874,50.0,2.0,,,28.24,30.159,28.475,0 days 02:33:55.794000,0 days 02:34:25.953000,0 days 02:34:54.428000,313.0,313.0,311.0,315.0,False,HARD,34.0,False,Mercedes,0 days 02:33:27.544000,2023-09-03 14:34:28.589,1,5.0,False,,False,True
0 days 02:36:21.046000,RUS,63,86.628,51.0,2.0,,,28.119,29.918,28.591,0 days 02:35:22.547000,0 days 02:35:52.465000,0 days 02:36:21.056000,322.0,323.0,311.0,323.0,False,HARD,35.0,False,Mercedes,0 days 02:34:54.418000,2023-09-03 14:35:55.463,1,5.0,False,,False,True
0 days 01:25:24.718000,BOT,77,88.032,2.0,1.0,,,28.453,30.353,29.226,0 days 01:24:25.148000,0 days 01:24:55.501000,0 days 01:25:24.727000,313.0,314.0,310.0,320.0,True,HARD,5.0,False,Alfa Romeo,0 days 01:23:56.686000,2023-09-03 13:24:57.731,1,14.0,False,,False,True
0 days 01:26:52.668000,BOT,77,87.95,3.0,1.0,,,28.475,30.099,29.376,0 days 01:25:53.202000,0 days 01:26:23.301000,0 days 01:26:52.677000,312.0,334.0,309.0,318.0,True,HARD,6.0,False,Alfa Romeo,0 days 01:25:24.718000,2023-09-03 13:26:25.763,1,14.0,False,,False,True
0 days 01:28:19.787000,BOT,77,87.119,4.0,1.0,,,28.114,30.047,28.958,0 days 01:27:20.791000,0 days 01:27:50.838000,0 days 01:28:19.796000,314.0,334.0,311.0,335.0,True,HARD,7.0,False,Alfa Romeo,0 days 01:26:52.668000,2023-09-03 13:27:53.713,1,14.0,False,,False,True
0 days 01:29:47.362000,BOT,77,87.575,5.0,1.0,,,28.257,30.336,28.982,0 days 01:28:48.053000,0 days 01:29:18.389000,0 days 01:29:47.371000,312.0,329.0,309.0,334.0,False,HARD,8.0,False,Alfa Romeo,0 days 01:28:19.787000,2023-09-03 13:29:20.832,1,14.0,False,,False,True
0 days 01:31:14.512000,BOT,77,87.15,6.0,1.0,,,28.133,30.012,29.005,0 days 01:30:15.504000,0 days 01:30:45.516000,0 days 01:31:14.521000,312.0,330.0,309.0,331.0,False,HARD,9.0,False,Alfa Romeo,0 days 01:29:47.362000,2023-09-03 13:30:48.407,1,14.0,False,,False,True
0 days 01:32:41.872000,BOT,77,87.36,7.0,1.0,,,28.142,30.162,29.056,0 days 01:31:42.663000,0 days 01:32:12.825000,0 days 01:32:41.881000,314.0,330.0,309.0,329.0,False,HARD,10.0,False,Alfa Romeo,0 days 01:31:14.512000,2023-09-03 13:32:15.557,1,14.0,False,,False,True
0 days 01:34:09.099000,BOT,77,87.227,8.0,1.0,,,28.135,30.326,28.766,0 days 01:33:10.016000,0 days 01:33:40.342000,0 days 01:34:09.108000,311.0,321.0,309.0,334.0,False,HARD,11.0,False,Alfa Romeo,0 days 01:32:41.872000,2023-09-03 13:33:42.917,1,14.0,False,,False,True
0 days 01:35:36.364000,BOT,77,87.265,9.0,1.0,,,28.082,30.005,29.178,0 days 01:34:37.190000,0 days 01:35:07.195000,0 days 01:35:36.373000,314.0,331.0,308.0,333.0,False,HARD,12.0,False,Alfa Romeo,0 days 01:34:09.099000,2023-09-03 13:35:10.144,1,14.0,False,,False,True
0 days 01:37:04.227000,BOT,77,87.863,10.0,1.0,,,28.393,30.325,29.145,0 days 01:36:04.766000,0 days 01:36:35.091000,0 days 01:37:04.236000,315.0,327.0,308.0,336.0,False,HARD,13.0,False,Alfa Romeo,0 days 01:35:36.364000,2023-09-03 13:36:37.409,1,14.0,False,,False,True
0 days 01:38:31.920000,BOT,77,87.693,11.0,1.0,,,28.155,30.255,29.283,0 days 01:37:32.391000,0 days 01:38:02.646000,0 days 01:38:31.929000,313.0,329.0,308.0,334.0,False,HARD,14.0,False,Alfa Romeo,0 days 01:37:04.227000,2023-09-03 13:38:05.272,1,14.0,False,,False,True
0 days 01:40:00.636000,BOT,77,88.716,12.0,1.0,,,28.237,31.261,29.218,0 days 01:39:00.166000,0 days 01:39:31.427000,0 days 01:40:00.645000,315.0,329.0,308.0,332.0,False,HARD,15.0,False,Alfa Romeo,0 days 01:38:31.920000,2023-09-03 13:39:32.965,1,14.0,False,,False,True
0 days 01:41:28.643000,BOT,77,88.007,13.0,1.0,,,28.151,30.69,29.166,0 days 01:40:28.796000,0 days 01:40:59.486000,0 days 01:41:28.652000,315.0,325.0,308.0,333.0,False,HARD,16.0,False,Alfa Romeo,0 days 01:40:00.636000,2023-09-03 13:41:01.681,1,13.0,False,,False,True
0 days 01:42:56.634000,BOT,77,87.991,14.0,1.0,,,28.208,30.592,29.191,0 days 01:41:56.860000,0 days 01:42:27.452000,0 days 01:42:56.643000,314.0,330.0,307.0,333.0,False,HARD,17.0,False,Alfa Romeo,0 days 01:41:28.643000,2023-09-03 13:42:29.688,1,11.0,False,,False,True
0 days 01:44:24.061000,BOT,77,87.427,15.0,1.0,,,28.316,30.294,28.817,0 days 01:43:24.959000,0 days 01:43:55.253000,0 days 01:44:24.070000,310.0,311.0,305.0,326.0,False,HARD,18.0,False,Alfa Romeo,0 days 01:42:56.634000,2023-09-03 13:43:57.679,1,11.0,False,,False,True
0 days 01:45:51.885000,BOT,77,87.824,16.0,1.0,,,28.558,30.38,28.886,0 days 01:44:52.628000,0 days 01:45:23.008000,0 days 01:45:51.894000,309.0,309.0,307.0,313.0,False,HARD,19.0,False,Alfa Romeo,0 days 01:44:24.061000,2023-09-03 13:45:25.106,1,10.0,False,,False,True
0 days 01:47:19.355000,BOT,77,87.47,17.0,1.0,,,28.419,30.267,28.784,0 days 01:46:20.313000,0 days 01:46:50.580000,0 days 01:47:19.364000,312.0,310.0,307.0,315.0,False,HARD,20.0,False,Alfa Romeo,0 days 01:45:51.885000,2023-09-03 13:46:52.930,1,10.0,False,,False,True
0 days 01:48:46.989000,BOT,77,87.634,18.0,1.0,,,28.44,30.291,28.903,0 days 01:47:47.804000,0 days 01:48:18.095000,0 days 01:48:46.998000,309.0,308.0,306.0,313.0,False,HARD,21.0,False,Alfa Romeo,0 days 01:47:19.355000,2023-09-03 13:48:20.400,1,10.0,False,,False,True
0 days 01:50:14.714000,BOT,77,87.725,19.0,1.0,,,28.6,30.253,28.872,0 days 01:49:15.598000,0 days 01:49:45.851000,0 days 01:50:14.723000,308.0,310.0,306.0,312.0,False,HARD,22.0,False,Alfa Romeo,0 days 01:48:46.989000,2023-09-03 13:49:48.034,1,10.0,False,,False,True
0 days 01:51:43.152000,BOT,77,88.438,20.0,1.0,,,28.426,30.55,29.462,0 days 01:50:43.149000,0 days 01:51:13.699000,0 days 01:51:43.161000,308.0,310.0,308.0,312.0,False,HARD,23.0,False,Alfa Romeo,0 days 01:50:14.714000,2023-09-03 13:51:15.759,1,9.0,False,,False,True
0 days 01:53:12.196000,BOT,77,89.044,21.0,1.0,,,28.534,30.814,29.696,0 days 01:52:11.695000,0 days 01:52:42.509000,0 days 01:53:12.205000,314.0,314.0,308.0,317.0,False,HARD,24.0,False,Alfa Romeo,0 days 01:51:43.152000,2023-09-03 13:52:44.197,1,10.0,False,,False,True
0 days 01:54:40.312000,BOT,77,88.116,22.0,1.0,,,28.579,30.455,29.082,0 days 01:53:40.784000,0 days 01:54:11.239000,0 days 01:54:40.321000,312.0,313.0,308.0,319.0,False,HARD,25.0,False,Alfa Romeo,0 days 01:53:12.196000,2023-09-03 13:54:13.241,1,9.0,False,,False,True
0 days 01:56:08.435000,BOT,77,88.123,23.0,1.0,,,28.491,30.642,28.99,0 days 01:55:08.812000,0 days 01:55:39.454000,0 days 01:56:08.444000,310.0,309.0,307.0,314.0,False,HARD,26.0,False,Alfa Romeo,0 days 01:54:40.312000,2023-09-03 13:55:41.357,1,8.0,False,,False,True
0 days 01:57:36.457000,BOT,77,88.022,24.0,1.0,,,28.438,30.518,29.066,0 days 01:56:36.882000,0 days 01:57:07.400000,0 days 01:57:36.466000,308.0,310.0,307.0,315.0,False,HARD,27.0,False,Alfa Romeo,0 days 01:56:08.435000,2023-09-03 13:57:09.480,1,7.0,False,,False,True
0 days 02:02:21.834000,BOT,77,85.988,27.0,2.0,,,28.023,29.536,28.429,0 days 02:01:23.878000,0 days 02:01:53.414000,0 days 02:02:21.843000,309.0,311.0,308.0,313.0,True,MEDIUM,5.0,False,Alfa Romeo,0 days 02:00:55.846000,2023-09-03 14:01:56.891,1,16.0,False,,False,True
0 days 02:03:48.320000,BOT,77,86.486,28.0,2.0,,,28.215,29.742,28.529,0 days 02:02:50.058000,0 days 02:03:19.800000,0 days 02:03:48.329000,309.0,309.0,308.0,313.0,False,MEDIUM,6.0,False,Alfa Romeo,0 days 02:02:21.834000,2023-09-03 14:03:22.879,1,16.0,False,,False,True
0 days 02:05:14.521000,BOT,77,86.201,29.0,2.0,,,28.081,29.576,28.544,0 days 02:04:16.410000,0 days 02:04:45.986000,0 days 02:05:14.530000,311.0,312.0,307.0,314.0,False,MEDIUM,7.0,False,Alfa Romeo,0 days 02:03:48.320000,2023-09-03 14:04:49.365,1,16.0,False,,False,True
0 days 02:06:41.164000,BOT,77,86.643,30.0,2.0,,,28.119,29.908,28.616,0 days 02:05:42.649000,0 days 02:06:12.557000,0 days 02:06:41.173000,311.0,312.0,309.0,316.0,False,MEDIUM,8.0,False,Alfa Romeo,0 days 02:05:14.521000,2023-09-03 14:06:15.566,1,16.0,False,,False,True
0 days 02:08:07.812000,BOT,77,86.648,31.0,2.0,,,28.039,29.891,28.718,0 days 02:07:09.212000,0 days 02:07:39.103000,0 days 02:08:07.821000,312.0,326.0,309.0,318.0,False,MEDIUM,9.0,False,Alfa Romeo,0 days 02:06:41.164000,2023-09-03 14:07:42.209,1,15.0,False,,False,True
0 days 02:09:34.418000,BOT,77,86.606,32.0,2.0,,,28.088,30.033,28.485,0 days 02:08:35.909000,0 days 02:09:05.942000,0 days 02:09:34.427000,311.0,312.0,312.0,327.0,False,MEDIUM,10.0,False,Alfa Romeo,0 days 02:08:07.812000,2023-09-03 14:09:08.857,1,15.0,False,,False,True
0 days 02:11:01.291000,BOT,77,86.873,33.0,2.0,,,28.047,30.118,28.708,0 days 02:10:02.474000,0 days 02:10:32.592000,0 days 02:11:01.300000,315.0,329.0,310.0,331.0,False,MEDIUM,11.0,False,Alfa Romeo,0 days 02:09:34.418000,2023-09-03 14:10:35.463,1,13.0,False,,False,True
0 days 02:12:27.912000,BOT,77,86.621,34.0,2.0,,,28.11,29.945,28.566,0 days 02:11:29.410000,0 days 02:11:59.355000,0 days 02:12:27.921000,309.0,313.0,309.0,316.0,False,MEDIUM,12.0,False,Alfa Romeo,0 days 02:11:01.291000,2023-09-03 14:12:02.336,1,12.0,False,,False,True
0 days 02:13:54.435000,BOT,77,86.523,35.0,2.0,,,28.193,29.831,28.499,0 days 02:12:56.114000,0 days 02:13:25.945000,0 days 02:13:54.444000,309.0,311.0,309.0,314.0,False,MEDIUM,13.0,False,Alfa Romeo,0 days 02:12:27.912000,2023-09-03 14:13:28.957,1,12.0,False,,False,True
0 days 02:15:21.217000,BOT,77,86.782,36.0,2.0,,,28.073,29.992,28.717,0 days 02:14:22.517000,0 days 02:14:52.509000,0 days 02:15:21.226000,311.0,312.0,309.0,317.0,False,MEDIUM,14.0,False,Alfa Romeo,0 days 02:13:54.435000,2023-09-03 14:14:55.480,1,12.0,False,,False,True
0 days 02:16:47.762000,BOT,77,86.545,37.0,2.0,,,28.162,29.802,28.581,0 days 02:15:49.388000,0 days 02:16:19.190000,0 days 02:16:47.771000,312.0,324.0,313.0,317.0,False,MEDIUM,15.0,False,Alfa Romeo,0 days 02:15:21.217000,2023-09-03 14:16:22.262,1,12.0,False,,False,True
0 days 02:18:14.855000,BOT,77,87.093,38.0,2.0,,,28.157,30.219,28.717,0 days 02:17:15.928000,0 days 02:17:46.147000,0 days 02:18:14.864000,313.0,323.0,311.0,332.0,False,MEDIUM,16.0,False,Alfa Romeo,0 days 02:16:47.762000,2023-09-03 14:17:48.807,1,12.0,False,,False,True
0 days 02:19:41.836000,BOT,77,86.981,39.0,2.0,,,28.377,29.982,28.622,0 days 02:18:43.241000,0 days 02:19:13.223000,0 days 02:19:41.845000,312.0,323.0,313.0,327.0,False,MEDIUM,17.0,False,Alfa Romeo,0 days 02:18:14.855000,2023-09-03 14:19:15.900,1,12.0,False,,False,True
0 days 02:21:09.698000,BOT,77,87.862,40.0,2.0,,,28.208,30.572,29.082,0 days 02:20:10.053000,0 days 02:20:40.625000,0 days 02:21:09.707000,315.0,321.0,310.0,348.0,False,MEDIUM,18.0,False,Alfa Romeo,0 days 02:19:41.836000,2023-09-03 14:20:42.881,1,12.0,False,,False,True
0 days 02:22:36.901000,BOT,77,87.203,41.0,2.0,,,28.364,30.082,28.757,0 days 02:21:38.071000,0 days 02:22:08.153000,0 days 02:22:36.910000,308.0,321.0,310.0,319.0,False,MEDIUM,19.0,False,Alfa Romeo,0 days 02:21:09.698000,2023-09-03 14:22:10.743,1,12.0,False,,False,True
0 days 02:24:03.765000,BOT,77,86.864,42.0,2.0,,,28.094,30.159,28.611,0 days 02:23:05.004000,0 days 02:23:35.163000,0 days 02:24:03.774000,309.0,325.0,314.0,327.0,False,MEDIUM,20.0,False,Alfa Romeo,0 days 02:22:36.901000,2023-09-03 14:23:37.946,1,11.0,False,,False,True
0 days 02:26:58.480000,BOT,77,86.962,44.0,2.0,,,28.245,30.007,28.71,0 days 02:25:59.772000,0 days 02:26:29.779000,0 days 02:26:58.489000,306.0,306.0,307.0,310.0,False,MEDIUM,22.0,False,Alfa Romeo,0 days 02:25:31.518000,2023-09-03 14:26:32.563,1,10.0,False,,False,True
0 days 02:28:25.369000,BOT,77,86.889,45.0,2.0,,,28.447,29.949,28.493,0 days 02:27:26.936000,0 days 02:27:56.885000,0 days 02:28:25.378000,306.0,308.0,307.0,310.0,False,MEDIUM,23.0,False,Alfa Romeo,0 days 02:26:58.480000,2023-09-03 14:27:59.525,1,10.0,False,,False,True
0 days 02:29:52.175000,BOT,77,86.806,46.0,2.0,,,28.351,29.887,28.568,0 days 02:28:53.729000,0 days 02:29:23.616000,0 days 02:29:52.184000,307.0,309.0,308.0,310.0,False,MEDIUM,24.0,False,Alfa Romeo,0 days 02:28:25.369000,2023-09-03 14:29:26.414,1,10.0,False,,False,True
0 days 02:31:18.911000,BOT,77,86.736,47.0,2.0,,,28.211,29.981,28.544,0 days 02:30:20.395000,0 days 02:30:50.376000,0 days 02:31:18.920000,308.0,310.0,308.0,311.0,False,MEDIUM,25.0,False,Alfa Romeo,0 days 02:29:52.175000,2023-09-03 14:30:53.220,1,10.0,False,,False,True
0 days 02:32:45.916000,BOT,77,87.005,48.0,2.0,,,28.241,30.015,28.749,0 days 02:31:47.161000,0 days 02:32:17.176000,0 days 02:32:45.925000,308.0,309.0,309.0,312.0,False,MEDIUM,26.0,False,Alfa Romeo,0 days 02:31:18.911000,2023-09-03 14:32:19.956,1,10.0,False,,False,True
0 days 02:34:13.050000,BOT,77,87.134,49.0,2.0,,,28.218,30.128,28.788,0 days 02:33:14.143000,0 days 02:33:44.271000,0 days 02:34:13.059000,308.0,308.0,308.0,311.0,False,MEDIUM,27.0,False,Alfa Romeo,0 days 02:32:45.916000,2023-09-03 14:33:46.961,1,10.0,False,,False,True
0 days 02:35:40,BOT,77,86.95,50.0,2.0,,,28.21,30.034,28.706,0 days 02:34:41.269000,0 days 02:35:11.303000,0 days 02:35:40.009000,309.0,311.0,311.0,314.0,False,MEDIUM,28.0,False,Alfa Romeo,0 days 02:34:13.050000,2023-09-03 14:35:14.095,1,10.0,False,,False,True
0 days 01:25:20.243000,PIA,81,88.053,2.0,1.0,,,28.711,30.778,28.564,0 days 01:24:20.917000,0 days 01:24:51.695000,0 days 01:25:20.259000,320.0,313.0,307.0,319.0,True,MEDIUM,2.0,True,McLaren,0 days 01:23:52.190000,2023-09-03 13:24:53.235,1,7.0,False,,False,True
0 days 01:26:47.225000,PIA,81,86.982,3.0,1.0,,,28.568,29.883,28.531,0 days 01:25:48.827000,0 days 01:26:18.710000,0 days 01:26:47.241000,307.0,317.0,306.0,311.0,True,MEDIUM,3.0,True,McLaren,0 days 01:25:20.243000,2023-09-03 13:26:21.288,1,7.0,False,,False,True
0 days 01:28:14.229000,PIA,81,87.004,4.0,1.0,,,28.438,29.981,28.585,0 days 01:27:15.679000,0 days 01:27:45.660000,0 days 01:28:14.245000,308.0,309.0,307.0,322.0,False,MEDIUM,4.0,True,McLaren,0 days 01:26:47.225000,2023-09-03 13:27:48.270,1,7.0,False,,False,True
0 days 01:29:41.138000,PIA,81,86.909,5.0,1.0,,,28.354,29.846,28.709,0 days 01:28:42.599000,0 days 01:29:12.445000,0 days 01:29:41.154000,310.0,311.0,306.0,318.0,True,MEDIUM,5.0,True,McLaren,0 days 01:28:14.229000,2023-09-03 13:29:15.274,1,7.0,False,,False,True
0 days 01:31:08.016000,PIA,81,86.878,6.0,1.0,,,28.525,29.832,28.521,0 days 01:30:09.679000,0 days 01:30:39.511000,0 days 01:31:08.032000,310.0,310.0,307.0,313.0,True,MEDIUM,6.0,True,McLaren,0 days 01:29:41.138000,2023-09-03 13:30:42.183,1,7.0,False,,False,True
0 days 01:32:34.956000,PIA,81,86.94,7.0,1.0,,,28.419,29.823,28.698,0 days 01:31:36.451000,0 days 01:32:06.274000,0 days 01:32:34.972000,312.0,310.0,307.0,317.0,False,MEDIUM,7.0,True,McLaren,0 days 01:31:08.016000,2023-09-03 13:32:09.061,1,7.0,False,,False,True
0 days 01:34:01.806000,PIA,81,86.85,8.0,1.0,,,28.308,29.845,28.697,0 days 01:33:03.280000,0 days 01:33:33.125000,0 days 01:34:01.822000,311.0,309.0,306.0,316.0,True,MEDIUM,8.0,True,McLaren,0 days 01:32:34.956000,2023-09-03 13:33:36.001,1,7.0,False,,False,True
0 days 01:35:28.670000,PIA,81,86.864,9.0,1.0,,,28.35,29.742,28.772,0 days 01:34:30.172000,0 days 01:34:59.914000,0 days 01:35:28.686000,311.0,309.0,306.0,313.0,False,MEDIUM,9.0,True,McLaren,0 days 01:34:01.806000,2023-09-03 13:35:02.851,1,7.0,False,,False,True
0 days 01:36:55.493000,PIA,81,86.823,10.0,1.0,,,28.343,29.853,28.627,0 days 01:35:57.029000,0 days 01:36:26.882000,0 days 01:36:55.509000,312.0,310.0,306.0,316.0,True,MEDIUM,10.0,True,McLaren,0 days 01:35:28.670000,2023-09-03 13:36:29.715,1,7.0,False,,False,True
0 days 01:38:22.710000,PIA,81,87.217,11.0,1.0,,,28.342,30.116,28.759,0 days 01:37:23.851000,0 days 01:37:53.967000,0 days 01:38:22.726000,311.0,308.0,307.0,318.0,False,MEDIUM,11.0,True,McLaren,0 days 01:36:55.493000,2023-09-03 13:37:56.538,1,7.0,False,,False,True
0 days 01:39:50.164000,PIA,81,87.454,12.0,1.0,,,28.376,30.184,28.894,0 days 01:38:51.102000,0 days 01:39:21.286000,0 days 01:39:50.180000,311.0,309.0,306.0,320.0,False,MEDIUM,12.0,True,McLaren,0 days 01:38:22.710000,2023-09-03 13:39:23.755,1,7.0,False,,False,True
0 days 01:41:17.682000,PIA,81,87.518,13.0,1.0,,,28.468,30.156,28.894,0 days 01:40:18.648000,0 days 01:40:48.804000,0 days 01:41:17.698000,312.0,310.0,306.0,316.0,False,MEDIUM,13.0,True,McLaren,0 days 01:39:50.164000,2023-09-03 13:40:51.209,1,7.0,False,,False,True
0 days 01:42:45.053000,PIA,81,87.371,14.0,1.0,,,28.431,29.99,28.95,0 days 01:41:46.129000,0 days 01:42:16.119000,0 days 01:42:45.069000,312.0,317.0,308.0,325.0,False,MEDIUM,14.0,True,McLaren,0 days 01:41:17.682000,2023-09-03 13:42:18.727,1,7.0,False,,False,True
0 days 01:44:12.791000,PIA,81,87.738,15.0,1.0,,,28.471,30.157,29.11,0 days 01:43:13.540000,0 days 01:43:43.697000,0 days 01:44:12.807000,315.0,321.0,305.0,323.0,False,MEDIUM,15.0,True,McLaren,0 days 01:42:45.053000,2023-09-03 13:43:46.098,1,6.0,False,,False,True
0 days 01:45:39.992000,PIA,81,87.201,16.0,1.0,,,28.376,29.995,28.83,0 days 01:44:41.183000,0 days 01:45:11.178000,0 days 01:45:40.008000,311.0,306.0,305.0,320.0,False,MEDIUM,16.0,True,McLaren,0 days 01:44:12.791000,2023-09-03 13:45:13.836,1,6.0,False,,False,True
0 days 01:47:07.432000,PIA,81,87.44,17.0,1.0,,,28.578,30.037,28.825,0 days 01:46:08.586000,0 days 01:46:38.623000,0 days 01:47:07.448000,310.0,306.0,306.0,313.0,False,MEDIUM,17.0,True,McLaren,0 days 01:45:39.992000,2023-09-03 13:46:41.037,1,6.0,False,,False,True
0 days 01:48:34.830000,PIA,81,87.398,18.0,1.0,,,28.507,30.094,28.797,0 days 01:47:35.955000,0 days 01:48:06.049000,0 days 01:48:34.846000,310.0,305.0,305.0,314.0,False,MEDIUM,18.0,True,McLaren,0 days 01:47:07.432000,2023-09-03 13:48:08.477,1,6.0,False,,False,True
0 days 01:50:02.182000,PIA,81,87.352,19.0,1.0,,,28.545,30.104,28.703,0 days 01:49:03.391000,0 days 01:49:33.495000,0 days 01:50:02.198000,311.0,308.0,305.0,312.0,False,MEDIUM,19.0,True,McLaren,0 days 01:48:34.830000,2023-09-03 13:49:35.875,1,6.0,False,,False,True
0 days 01:51:29.928000,PIA,81,87.746,20.0,1.0,,,28.59,30.255,28.901,0 days 01:50:30.788000,0 days 01:51:01.043000,0 days 01:51:29.944000,308.0,307.0,305.0,316.0,False,MEDIUM,20.0,True,McLaren,0 days 01:50:02.182000,2023-09-03 13:51:03.227,1,4.0,False,,False,True
0 days 01:52:57.515000,PIA,81,87.587,21.0,1.0,,,28.664,30.251,28.672,0 days 01:51:58.608000,0 days 01:52:28.859000,0 days 01:52:57.531000,310.0,306.0,305.0,313.0,False,MEDIUM,21.0,True,McLaren,0 days 01:51:29.928000,2023-09-03 13:52:30.973,1,2.0,False,,False,True
0 days 01:54:24.934000,PIA,81,87.419,22.0,1.0,,,28.512,30.088,28.819,0 days 01:53:26.043000,0 days 01:53:56.131000,0 days 01:54:24.950000,311.0,306.0,304.0,324.0,False,MEDIUM,22.0,True,McLaren,0 days 01:52:57.515000,2023-09-03 13:53:58.560,1,1.0,False,,False,True
0 days 01:59:10.065000,PIA,81,86.411,25.0,2.0,,,28.241,29.759,28.411,0 days 01:58:11.911000,0 days 01:58:41.670000,0 days 01:59:10.081000,310.0,308.0,308.0,319.0,True,HARD,7.0,False,McLaren,0 days 01:57:43.654000,2023-09-03 13:58:44.699,1,10.0,False,,False,True
0 days 02:00:36.352000,PIA,81,86.287,26.0,2.0,,,28.284,29.601,28.402,0 days 01:59:38.365000,0 days 02:00:07.966000,0 days 02:00:36.368000,314.0,311.0,307.0,318.0,True,HARD,8.0,False,McLaren,0 days 01:59:10.065000,2023-09-03 14:00:11.110,1,9.0,False,,False,True
0 days 02:02:02.600000,PIA,81,86.248,27.0,2.0,,,28.187,29.582,28.479,0 days 02:01:04.555000,0 days 02:01:34.137000,0 days 02:02:02.616000,314.0,322.0,308.0,321.0,True,HARD,9.0,False,McLaren,0 days 02:00:36.352000,2023-09-03 14:01:37.397,1,9.0,False,,False,True
0 days 02:03:29.211000,PIA,81,86.611,28.0,2.0,,,28.193,30.034,28.384,0 days 02:02:30.809000,0 days 02:03:00.843000,0 days 02:03:29.227000,313.0,312.0,308.0,326.0,False,HARD,10.0,False,McLaren,0 days 02:02:02.600000,2023-09-03 14:03:03.645,1,8.0,False,,False,True
0 days 02:04:55.343000,PIA,81,86.132,29.0,2.0,,,28.109,29.736,28.287,0 days 02:03:57.336000,0 days 02:04:27.072000,0 days 02:04:55.359000,316.0,322.0,309.0,323.0,True,HARD,11.0,False,McLaren,0 days 02:03:29.211000,2023-09-03 14:04:30.256,1,8.0,False,,False,True
0 days 02:06:22.417000,PIA,81,87.074,30.0,2.0,,,28.311,30.133,28.63,0 days 02:05:23.670000,0 days 02:05:53.803000,0 days 02:06:22.433000,318.0,326.0,308.0,329.0,False,HARD,12.0,False,McLaren,0 days 02:04:55.343000,2023-09-03 14:05:56.388,1,8.0,False,,False,True
0 days 02:07:49.277000,PIA,81,86.86,31.0,2.0,,,28.271,30.047,28.542,0 days 02:06:50.704000,0 days 02:07:20.751000,0 days 02:07:49.293000,317.0,326.0,309.0,329.0,False,HARD,13.0,False,McLaren,0 days 02:06:22.417000,2023-09-03 14:07:23.462,1,8.0,False,,False,True
0 days 02:09:16.023000,PIA,81,86.746,32.0,2.0,,,28.188,29.943,28.615,0 days 02:08:17.481000,0 days 02:08:47.424000,0 days 02:09:16.039000,315.0,322.0,308.0,329.0,False,HARD,14.0,False,McLaren,0 days 02:07:49.277000,2023-09-03 14:08:50.322,1,8.0,False,,False,True
0 days 02:10:42.468000,PIA,81,86.445,33.0,2.0,,,28.189,29.772,28.484,0 days 02:09:44.228000,0 days 02:10:14,0 days 02:10:42.484000,317.0,324.0,310.0,328.0,False,HARD,15.0,False,McLaren,0 days 02:09:16.023000,2023-09-03 14:10:17.068,1,8.0,False,,False,True
0 days 02:12:09.185000,PIA,81,86.717,34.0,2.0,,,28.214,30.026,28.477,0 days 02:11:10.698000,0 days 02:11:40.724000,0 days 02:12:09.201000,314.0,315.0,308.0,326.0,False,HARD,16.0,False,McLaren,0 days 02:10:42.468000,2023-09-03 14:11:43.513,1,8.0,False,,False,True
0 days 02:13:35.462000,PIA,81,86.277,35.0,2.0,,,28.203,29.717,28.357,0 days 02:12:37.404000,0 days 02:13:07.121000,0 days 02:13:35.478000,316.0,317.0,309.0,321.0,False,HARD,17.0,False,McLaren,0 days 02:12:09.185000,2023-09-03 14:13:10.230,1,8.0,False,,False,True
0 days 02:15:02.101000,PIA,81,86.639,36.0,2.0,,,28.242,29.899,28.498,0 days 02:14:03.720000,0 days 02:14:33.619000,0 days 02:15:02.117000,313.0,325.0,309.0,325.0,False,HARD,18.0,False,McLaren,0 days 02:13:35.462000,2023-09-03 14:14:36.507,1,8.0,False,,False,True
0 days 02:16:28.907000,PIA,81,86.806,37.0,2.0,,,28.265,30.111,28.43,0 days 02:15:30.382000,0 days 02:16:00.493000,0 days 02:16:28.923000,315.0,322.0,310.0,332.0,False,HARD,19.0,False,McLaren,0 days 02:15:02.101000,2023-09-03 14:16:03.146,1,8.0,False,,False,True
0 days 02:17:56.053000,PIA,81,87.146,38.0,2.0,,,28.206,30.212,28.728,0 days 02:16:57.129000,0 days 02:17:27.341000,0 days 02:17:56.069000,319.0,329.0,311.0,327.0,False,HARD,20.0,False,McLaren,0 days 02:16:28.907000,2023-09-03 14:17:29.952,1,8.0,False,,False,True
0 days 02:19:23.219000,PIA,81,87.166,39.0,2.0,,,28.568,29.927,28.671,0 days 02:18:24.637000,0 days 02:18:54.564000,0 days 02:19:23.235000,316.0,324.0,309.0,337.0,False,HARD,21.0,False,McLaren,0 days 02:17:56.053000,2023-09-03 14:18:57.098,1,8.0,False,,False,True
0 days 02:25:43.257000,PIA,81,85.072,43.0,3.0,,,28.06,29.174,27.838,0 days 02:24:46.261000,0 days 02:25:15.435000,0 days 02:25:43.273000,311.0,312.0,311.0,317.0,True,MEDIUM,5.0,False,McLaren,0 days 02:24:18.185000,2023-09-03 14:25:19.230,1,14.0,False,,False,True
0 days 02:27:08.947000,PIA,81,85.69,44.0,3.0,,,27.968,29.13,28.592,0 days 02:26:11.241000,0 days 02:26:40.371000,0 days 02:27:08.963000,313.0,324.0,306.0,326.0,False,MEDIUM,6.0,False,McLaren,0 days 02:25:43.257000,2023-09-03 14:26:44.302,1,14.0,False,,False,True
0 days 02:28:35.086000,PIA,81,86.139,45.0,3.0,,,28.568,29.596,27.975,0 days 02:27:37.531000,0 days 02:28:07.127000,0 days 02:28:35.102000,323.0,312.0,311.0,332.0,False,MEDIUM,7.0,False,McLaren,0 days 02:27:08.947000,2023-09-03 14:28:09.992,1,13.0,False,,False,True
0 days 02:30:00.818000,PIA,81,85.732,46.0,3.0,,,28.103,29.596,28.033,0 days 02:29:03.205000,0 days 02:29:32.801000,0 days 02:30:00.834000,314.0,319.0,312.0,323.0,False,MEDIUM,8.0,False,McLaren,0 days 02:28:35.086000,2023-09-03 14:29:36.131,1,13.0,False,,False,True
0 days 02:31:27.432000,PIA,81,86.614,47.0,3.0,,,28.276,29.795,28.543,0 days 02:30:29.110000,0 days 02:30:58.905000,0 days 02:31:27.448000,316.0,323.0,312.0,344.0,False,MEDIUM,9.0,False,McLaren,0 days 02:30:00.818000,2023-09-03 14:31:01.863,1,13.0,False,,False,True
0 days 02:32:53.499000,PIA,81,86.067,48.0,3.0,,,28.089,29.668,28.31,0 days 02:31:55.537000,0 days 02:32:25.205000,0 days 02:32:53.515000,316.0,322.0,313.0,335.0,False,MEDIUM,10.0,False,McLaren,0 days 02:31:27.432000,2023-09-03 14:32:28.477,1,13.0,False,,False,True
0 days 02:34:19.340000,PIA,81,85.841,49.0,3.0,,,27.763,29.762,28.316,0 days 02:33:21.278000,0 days 02:33:51.040000,0 days 02:34:19.356000,326.0,311.0,311.0,347.0,False,MEDIUM,11.0,False,McLaren,0 days 02:32:53.499000,2023-09-03 14:33:54.544,1,12.0,False,,False,True
0 days 02:35:44.933000,PIA,81,85.593,50.0,3.0,,,28.181,29.335,28.077,0 days 02:34:47.537000,0 days 02:35:16.872000,0 days 02:35:44.949000,310.0,309.0,309.0,315.0,False,MEDIUM,12.0,False,McLaren,0 days 02:34:19.340000,2023-09-03 14:35:20.385,1,11.0,False,,False,True
